match_no,team,gk_total_involvements,gk_line_breaks,gk_distribution_page_no,gk_distribution_values_json,gk_attempts_on_goal_faced,gk_save_pct,gk_attempts_faced_table,gk_total_goal_interventions,gk_save_retain,gk_deflect_retain,gk_save_deflect,gk_save_attempt,gk_no_save_attempt,gk_goal_prevention_page_no
1,Mexico,37.0,13.0,32,"[""13"", ""30"", ""0"", ""3""]",3.0,100.0,3.0,3.0,2.0,0.0,0.0,0.0,1.0,34
1,South Africa,67.0,18.0,33,"[""18"", ""39"", ""1"", ""7""]",17.0,50.0,17.0,5.0,3.0,1.0,2.0,2.0,9.0,35
2,Korea Republic,42.0,17.0,32,"[""17"", ""32"", ""1"", ""2""]",7.0,75.0,7.0,3.0,2.0,0.0,1.0,1.0,3.0,34
2,Czechia,49.0,23.0,33,"[""23"", ""26"", ""0"", ""6""]",15.0,67.0,15.0,6.0,1.0,0.0,5.0,2.0,7.0,35
3,Canada,38.0,8.0,32,"[""8"", ""24"", ""0"", ""2""]",8.0,67.0,8.0,2.0,2.0,0.0,0.0,0.0,6.0,34
3,Bosnia and Herzegovina,53.0,21.0,33,"[""21"", ""24"", ""6"", ""3""]",13.0,67.0,13.0,2.0,1.0,0.0,1.0,1.0,10.0,35
4,USA,33.0,9.0,32,"[""9"", ""20"", ""0"", ""3""]",9.0,0.0,9.0,1.0,0.0,0.0,1.0,1.0,7.0,34
4,Paraguay,53.0,15.0,33,"[""15"", ""21"", ""3"", ""5""]",17.0,50.0,17.0,4.0,3.0,0.0,1.0,5.0,8.0,35
5,Haiti,44.0,11.0,32,"[""11"", ""29"", ""2"", ""2""]",9.0,50.0,9.0,2.0,1.0,0.0,1.0,2.0,5.0,34
5,Scotland,60.0,18.0,33,"[""18"", ""36"", ""1"", ""5""]",15.0,100.0,15.0,1.0,1.0,2.0,0.0,2.0,10.0,35
6,Australia,75.0,20.0,33,"[""20"", ""35"", ""1"", ""5""]",31.0,100.0,31.0,7.0,3.0,1.0,4.0,3.0,20.0,35
6,Türkiye,37.0,3.0,34,"[""3"", ""19"", ""0"", ""4""]",9.0,50.0,9.0,1.0,0.0,1.0,1.0,2.0,5.0,36
7,Brazil,45.0,9.0,32,"[""9"", ""26"", ""1"", ""2""]",14.0,67.0,14.0,3.0,2.0,0.0,1.0,2.0,9.0,34
7,Morocco,57.0,17.0,33,"[""17"", ""34"", ""2"", ""3""]",13.0,80.0,13.0,4.0,2.0,0.0,2.0,1.0,8.0,35
8,Qatar,74.0,14.0,33,"[""14"", ""28"", ""3"", ""4""]",28.0,83.0,28.0,6.0,0.0,1.0,6.0,4.0,17.0,35
8,Switzerland,35.0,3.0,34,"[""3"", ""18"", ""0"", ""6""]",7.0,100.0,7.0,3.0,1.0,0.0,2.0,1.0,3.0,36
9,Côte d'Ivoire,46.0,16.0,32,"[""16"", ""24"", ""1"", ""3""]",13.0,0.0,13.0,1.0,0.0,0.0,1.0,2.0,10.0,34
9,Ecuador,57.0,20.0,33,"[""20"", ""31"", ""0"", ""6""]",16.0,75.0,16.0,2.0,2.0,1.0,0.0,3.0,10.0,35
10,Germany,33.0,7.0,33,"[""7"", ""22"", ""0"", ""2""]",8.0,50.0,8.0,2.0,1.0,0.0,1.0,2.0,4.0,35
10,Curaçao,66.0,16.0,34,"[""16"", ""29"", ""0"", ""6""]",26.0,36.0,26.0,3.0,1.0,1.0,2.0,8.0,14.0,36
11,Netherlands,43.0,11.0,32,"[""11"", ""30"", ""0"", ""2""]",10.0,50.0,10.0,2.0,1.0,0.0,1.0,4.0,4.0,34
11,Japan,36.0,9.0,33,"[""9"", ""18"", ""2"", ""4""]",11.0,67.0,11.0,6.0,4.0,0.0,2.0,2.0,3.0,35
12,Sweden,36.0,15.0,32,"[""15"", ""28"", ""0"", ""1""]",7.0,50.0,7.0,2.0,1.0,0.0,1.0,0.0,5.0,34
12,Tunisia,43.0,9.0,33,"[""9"", ""17"", ""1"", ""4""]",13.0,17.0,13.0,3.0,0.0,0.0,3.0,4.0,6.0,35
13,Saudi Arabia,62.0,21.0,33,"[""21"", ""28"", ""0"", ""2""]",27.0,89.0,27.0,9.0,1.0,0.0,8.0,2.0,16.0,35
13,Uruguay,42.0,5.0,34,"[""5"", ""29"", ""1"", ""2""]",7.0,67.0,7.0,2.0,0.0,0.0,2.0,2.0,3.0,36
14,Spain,35.0,1.0,33,"[""1"", ""17"", ""0"", ""7""]",6.0,100.0,6.0,0.0,0.0,1.0,0.0,0.0,5.0,35
14,Cabo Verde,90.0,25.0,34,"[""25"", ""42"", ""1"", ""10""]",28.0,100.0,28.0,3.0,1.0,4.0,2.0,1.0,20.0,36
15,IR Iran,39.0,6.0,32,"[""6"", ""15"", ""1"", ""7""]",14.0,71.0,14.0,6.0,6.0,0.0,0.0,3.0,5.0,34
15,New Zealand,61.0,13.0,33,"[""13"", ""38"", ""0"", ""3""]",17.0,50.0,17.0,2.0,2.0,0.0,0.0,4.0,11.0,35
16,Belgium,36.0,6.0,32,"[""6"", ""13"", ""0"", ""5""]",15.0,67.0,15.0,4.0,0.0,0.0,4.0,1.0,10.0,34
16,Egypt,53.0,14.0,33,"[""14"", ""29"", ""2"", ""2""]",17.0,100.0,17.0,3.0,2.0,0.0,1.0,4.0,10.0,35
17,France,55.0,18.0,32,"[""18"", ""39"", ""0"", ""7""]",7.0,50.0,7.0,1.0,0.0,2.0,1.0,1.0,3.0,34
17,Senegal,55.0,16.0,33,"[""16"", ""36"", ""0"", ""5""]",11.0,62.0,11.0,5.0,2.0,0.0,3.0,4.0,2.0,35
18,Iraq,56.0,16.0,32,"[""16"", ""30"", ""0"", ""5""]",13.0,33.0,13.0,1.0,0.0,0.0,1.0,2.0,10.0,34
18,Norway,47.0,14.0,33,"[""14"", ""31"", ""0"", ""3""]",11.0,0.0,11.0,0.0,0.0,0.0,0.0,5.0,6.0,35
19,Argentina,50.0,16.0,32,"[""16"", ""40"", ""1"", ""0""]",7.0,0.0,7.0,0.0,0.0,0.0,0.0,1.0,6.0,34
19,Algeria,49.0,5.0,33,"[""5"", ""37"", ""0"", ""2""]",10.0,50.0,10.0,4.0,1.0,0.0,3.0,2.0,4.0,35
20,Austria,46.0,11.0,32,"[""11"", ""30"", ""1"", ""0""]",11.0,67.0,11.0,3.0,1.0,0.0,2.0,3.0,5.0,34
20,Jordan,42.0,14.0,33,"[""14"", ""25"", ""1"", ""1""]",11.0,33.0,11.0,1.0,0.0,0.0,1.0,1.0,9.0,35
21,Ghana,44.0,12.0,32,"[""12"", ""18"", ""3"", ""4""]",11.0,100.0,11.0,4.0,3.0,0.0,1.0,2.0,5.0,34
21,Panama,43.0,6.0,33,"[""6"", ""30"", ""0"", ""3""]",7.0,50.0,7.0,0.0,0.0,1.0,0.0,1.0,5.0,35
22,England,76.0,19.0,33,"[""19"", ""55"", ""1"", ""6""]",10.0,60.0,10.0,4.0,1.0,0.0,3.0,2.0,4.0,35
22,Croatia,66.0,19.0,34,"[""19"", ""35"", ""0"", ""4""]",22.0,64.0,22.0,8.0,0.0,0.0,8.0,4.0,10.0,36
23,Portugal,44.0,9.0,32,"[""9"", ""29"", ""0"", ""5""]",8.0,50.0,8.0,1.0,1.0,0.0,0.0,2.0,5.0,34
23,Congo DR,44.0,16.0,33,"[""16"", ""23"", ""2"", ""5""]",8.0,0.0,8.0,1.0,0.0,0.0,1.0,1.0,6.0,35
24,Uzbekistan,50.0,12.0,32,"[""12"", ""22"", ""1"", ""6""]",15.0,25.0,15.0,3.0,1.0,0.0,2.0,3.0,9.0,34
24,Colombia,50.0,14.0,33,"[""14"", ""38"", ""0"", ""2""]",8.0,50.0,8.0,1.0,0.0,0.0,1.0,2.0,5.0,35
25,Czechia,46.0,11.0,32,"[""11"", ""24"", ""0"", ""3""]",17.0,75.0,17.0,3.0,3.0,0.0,0.0,1.0,13.0,34
25,South Africa,81.0,23.0,33,"[""23"", ""63"", ""1"", ""1""]",14.0,67.0,14.0,2.0,1.0,0.0,1.0,1.0,11.0,35
26,Switzerland,45.0,16.0,32,"[""16"", ""36"", ""0"", ""2""]",5.0,67.0,5.0,2.0,1.0,0.0,1.0,1.0,2.0,34
26,Bosnia and Herzegovina,60.0,18.0,33,"[""18"", ""34"", ""4"", ""4""]",13.0,43.0,13.0,5.0,2.0,0.0,3.0,5.0,3.0,35
27,Canada,21.0,1.0,33,"[""1"", ""16"", ""0"", ""2""]",2.0,0.0,2.0,0.0,0.0,0.0,0.0,0.0,2.0,35
27,Qatar,78.0,22.0,34,"[""22"", ""24"", ""6"", ""1""]",35.0,44.0,35.0,7.0,0.0,0.0,7.0,2.0,26.0,36
28,Mexico,48.0,18.0,32,"[""18"", ""31"", ""1"", ""3""]",9.0,100.0,9.0,2.0,1.0,0.0,1.0,0.0,7.0,34
28,Korea Republic,50.0,15.0,33,"[""15"", ""35"", ""0"", ""6""]",8.0,75.0,8.0,5.0,3.0,0.0,2.0,1.0,2.0,35
29,Brazil,44.0,8.0,32,"[""8"", ""29"", ""0"", ""5""]",7.0,100.0,7.0,3.0,0.0,0.0,3.0,0.0,4.0,34
29,Haiti,44.0,20.0,33,"[""20"", ""31"", ""1"", ""2""]",8.0,50.0,8.0,2.0,1.0,0.0,1.0,3.0,3.0,35
30,Scotland,52.0,7.0,32,"[""7"", ""28"", ""0"", ""7""]",12.0,50.0,12.0,1.0,0.0,0.0,1.0,4.0,7.0,34
30,Morocco,47.0,11.0,33,"[""11"", ""32"", ""5"", ""2""]",6.0,0.0,6.0,1.0,1.0,0.0,0.0,1.0,4.0,35
31,Türkiye,39.0,7.0,33,"[""7"", ""30"", ""0"", ""1""]",7.0,50.0,7.0,1.0,0.0,0.0,1.0,1.0,5.0,35
31,Paraguay,74.0,27.0,34,"[""27"", ""29"", ""6"", ""0""]",34.0,100.0,34.0,7.0,3.0,0.0,4.0,5.0,22.0,36
32,USA,33.0,14.0,32,"[""14"", ""24"", ""1"", ""3""]",5.0,100.0,5.0,2.0,2.0,0.0,0.0,0.0,3.0,34
32,Australia,33.0,11.0,33,"[""11"", ""14"", ""0"", ""4""]",11.0,50.0,11.0,1.0,1.0,0.0,0.0,3.0,7.0,35
33,Germany,34.0,8.0,32,"[""8"", ""19"", ""0"", ""5""]",9.0,50.0,9.0,1.0,1.0,0.0,0.0,1.0,7.0,34
33,Côte d'Ivoire,63.0,21.0,33,"[""21"", ""30"", ""7"", ""3""]",16.0,71.0,16.0,3.0,1.0,2.0,2.0,2.0,9.0,35
34,Ecuador,33.0,4.0,33,"[""4"", ""13"", ""2"", ""5""]",11.0,100.0,11.0,6.0,1.0,0.0,5.0,0.0,5.0,35
34,Curaçao,70.0,25.0,34,"[""25"", ""24"", ""6"", ""6""]",30.0,100.0,30.0,15.0,7.0,2.0,7.0,1.0,13.0,36
35,Netherlands,53.0,15.0,32,"[""15"", ""33"", ""2"", ""0""]",16.0,88.0,16.0,8.0,3.0,0.0,5.0,3.0,5.0,34
35,Sweden,50.0,13.0,33,"[""13"", ""33"", ""1"", ""3""]",10.0,29.0,10.0,2.0,2.0,0.0,0.0,4.0,4.0,35
36,Tunisia,38.0,15.0,32,"[""15"", ""22"", ""1"", ""0""]",11.0,25.0,11.0,2.0,0.0,0.0,2.0,4.0,5.0,34
36,Japan,28.0,4.0,33,"[""4"", ""19"", ""0"", ""3""]",3.0,0.0,3.0,1.0,1.0,0.0,0.0,1.0,1.0,35
37,Uruguay,39.0,7.0,32,"[""7"", ""21"", ""1"", ""3""]",12.0,50.0,12.0,2.0,2.0,0.0,0.0,1.0,9.0,34
37,Cabo Verde,60.0,16.0,33,"[""16"", ""28"", ""2"", ""5""]",17.0,0.0,17.0,0.0,0.0,0.0,0.0,3.0,14.0,35
38,Spain,40.0,9.0,33,"[""9"", ""28"", ""0"", ""7""]",3.0,100.0,3.0,2.0,2.0,0.0,0.0,0.0,1.0,35
38,Saudi Arabia,65.0,17.0,34,"[""17"", ""34"", ""0"", ""3""]",23.0,62.0,23.0,6.0,1.0,0.0,5.0,5.0,12.0,36
39,Belgium,39.0,12.0,33,"[""12"", ""21"", ""1"", ""6""]",7.0,100.0,7.0,2.0,0.0,1.0,2.0,0.0,4.0,35
39,IR Iran,66.0,24.0,34,"[""24"", ""27"", ""7"", ""3""]",23.0,100.0,23.0,6.0,2.0,1.0,4.0,2.0,14.0,36
40,New Zealand,62.0,18.0,33,"[""18"", ""25"", ""5"", ""4""]",19.0,57.0,19.0,3.0,0.0,2.0,3.0,1.0,13.0,35
40,Egypt,38.0,5.0,34,"[""5"", ""16"", ""1"", ""2""]",11.0,80.0,11.0,4.0,0.0,0.0,4.0,2.0,5.0,36
41,Norway,65.0,30.0,32,"[""30"", ""37"", ""3"", ""5""]",16.0,50.0,16.0,3.0,2.0,0.0,1.0,3.0,10.0,34
41,Senegal,46.0,11.0,33,"[""11"", ""27"", ""2"", ""2""]",13.0,50.0,13.0,5.0,1.0,0.0,4.0,2.0,6.0,35
42,France,17.0,1.0,33,"[""1"", ""10"", ""0"", ""2""]",4.0,0.0,4.0,0.0,0.0,0.0,0.0,1.0,3.0,35
42,Iraq,71.0,16.0,34,"[""16"", ""41"", ""2"", ""4""]",19.0,40.0,19.0,3.0,1.0,0.0,2.0,3.0,13.0,36
43,Argentina,36.0,9.0,32,"[""9"", ""22"", ""2"", ""2""]",6.0,100.0,6.0,1.0,0.0,0.0,1.0,0.0,5.0,34
43,Austria,42.0,5.0,33,"[""5"", ""27"", ""1"", ""0""]",13.0,50.0,13.0,3.0,0.0,0.0,3.0,5.0,5.0,35
44,Jordan,46.0,16.0,32,"[""16"", ""13"", ""5"", ""4""]",17.0,75.0,17.0,7.0,3.0,0.0,4.0,1.0,9.0,34
44,Algeria,38.0,6.0,33,"[""6"", ""18"", ""0"", ""9""]",8.0,75.0,8.0,3.0,1.0,2.0,1.0,0.0,4.0,35
45,England,27.0,6.0,33,"[""6"", ""23"", ""0"", ""1""]",2.0,0.0,2.0,0.0,0.0,0.0,0.0,0.0,2.0,35
45,Ghana,47.0,17.0,34,"[""17"", ""23"", ""2"", ""1""]",19.0,100.0,19.0,3.0,2.0,0.0,1.0,3.0,13.0,36
46,Panama,36.0,14.0,32,"[""14"", ""23"", ""0"", ""5""]",6.0,100.0,6.0,2.0,0.0,0.0,2.0,0.0,4.0,34
46,Croatia,42.0,13.0,33,"[""13"", ""24"", ""1"", ""5""]",9.0,100.0,9.0,3.0,0.0,1.0,2.0,0.0,6.0,35
47,Portugal,29.0,5.0,32,"[""5"", ""14"", ""1"", ""3""]",7.0,100.0,7.0,1.0,1.0,1.0,0.0,1.0,4.0,34
47,Uzbekistan,46.0,13.0,33,"[""13"", ""22"", ""2"", ""1""]",18.0,50.0,18.0,5.0,0.0,0.0,5.0,7.0,6.0,35
48,Colombia,44.0,8.0,33,"[""8"", ""31"", ""0"", ""3""]",8.0,100.0,8.0,2.0,1.0,0.0,1.0,1.0,5.0,35
48,Congo DR,58.0,13.0,34,"[""13"", ""28"", ""0"", ""6""]",20.0,89.0,20.0,8.0,1.0,0.0,7.0,1.0,11.0,36
49,Scotland,68.0,21.0,33,"[""21"", ""35"", ""0"", ""7""]",21.0,62.0,21.0,4.0,1.0,1.0,3.0,3.0,13.0,35
49,Brazil,39.0,5.0,34,"[""5"", ""18"", ""0"", ""5""]",14.0,100.0,14.0,5.0,3.0,0.0,2.0,1.0,8.0,36
50,Morocco,34.0,6.0,33,"[""6"", ""19"", ""1"", ""2""]",10.0,50.0,10.0,2.0,1.0,0.0,1.0,1.0,7.0,35
50,Haiti,64.0,20.0,34,"[""20"", ""33"", ""2"", ""3""]",24.0,64.0,24.0,9.0,3.0,0.0,6.0,4.0,11.0,36
51,Switzerland,69.0,9.0,32,"[""9"", ""46"", ""0"", ""6""]",13.0,86.0,13.0,5.0,3.0,1.0,2.0,0.0,7.0,34
51,Canada,32.0,12.0,33,"[""12"", ""18"", ""3"", ""2""]",6.0,50.0,6.0,3.0,1.0,0.0,2.0,1.0,2.0,35
52,Bosnia and Herzegovina,60.0,13.0,32,"[""13"", ""38"", ""3"", ""4""]",9.0,67.0,9.0,2.0,1.0,0.0,1.0,3.0,4.0,34
52,Qatar,44.0,16.0,33,"[""16"", ""25"", ""0"", ""2""]",16.0,60.0,16.0,6.0,0.0,0.0,6.0,3.0,7.0,35
53,Czechia,53.0,14.0,32,"[""14"", ""32"", ""0"", ""6""]",12.0,40.0,12.0,3.0,1.0,0.0,2.0,3.0,6.0,34
53,Mexico,49.0,17.0,33,"[""17"", ""34"", ""0"", ""1""]",13.0,100.0,13.0,0.0,0.0,1.0,0.0,1.0,11.0,35
54,South Africa,48.0,26.0,32,"[""26"", ""35"", ""2"", ""2""]",8.0,100.0,8.0,2.0,1.0,1.0,0.0,0.0,6.0,34
54,Korea Republic,55.0,7.0,33,"[""7"", ""36"", ""0"", ""4""]",13.0,75.0,13.0,3.0,2.0,0.0,1.0,3.0,7.0,35
55,Curaçao,25.0,9.0,32,"[""9"", ""17"", ""0"", ""1""]",7.0,33.0,7.0,1.0,0.0,0.0,1.0,1.0,5.0,34
55,Côte d'Ivoire,46.0,15.0,33,"[""15"", ""27"", ""1"", ""1""]",12.0,100.0,12.0,3.0,0.0,0.0,3.0,1.0,8.0,35
56,Ecuador,37.0,15.0,32,"[""15"", ""20"", ""2"", ""1""]",11.0,67.0,11.0,2.0,2.0,0.0,0.0,2.0,7.0,34
56,Germany,60.0,14.0,33,"[""14"", ""34"", ""0"", ""9""]",7.0,33.0,7.0,1.0,0.0,0.0,1.0,2.0,4.0,35
57,Japan,43.0,15.0,32,"[""15"", ""23"", ""2"", ""1""]",11.0,80.0,11.0,5.0,1.0,0.0,4.0,1.0,5.0,34
57,Sweden,58.0,25.0,33,"[""25"", ""35"", ""0"", ""8""]",8.0,67.0,8.0,2.0,1.0,0.0,1.0,2.0,4.0,35
58,Tunisia,54.0,17.0,33,"[""17"", ""20"", ""4"", ""1""]",21.0,67.0,21.0,4.0,2.0,0.0,2.0,1.0,16.0,35
58,Netherlands,35.0,0.0,34,"[""0"", ""18"", ""0"", ""5""]",10.0,75.0,10.0,3.0,2.0,0.0,1.0,1.0,6.0,36
59,Türkiye,64.0,17.0,33,"[""17"", ""41"", ""0"", ""2""]",18.0,71.0,18.0,5.0,1.0,0.0,4.0,3.0,10.0,35
59,USA,48.0,11.0,34,"[""11"", ""25"", ""0"", ""8""]",9.0,0.0,9.0,0.0,0.0,0.0,0.0,3.0,6.0,36
60,Paraguay,32.0,9.0,32,"[""9"", ""16"", ""0"", ""2""]",12.0,100.0,12.0,5.0,3.0,1.0,2.0,1.0,5.0,34
60,Australia,35.0,9.0,33,"[""9"", ""23"", ""0"", ""4""]",7.0,100.0,7.0,2.0,1.0,1.0,0.0,0.0,5.0,35
61,Norway,53.0,17.0,33,"[""17"", ""25"", ""0"", ""5""]",18.0,56.0,18.0,5.0,2.0,0.0,3.0,6.0,7.0,35
61,France,36.0,7.0,34,"[""7"", ""21"", ""0"", ""4""]",10.0,75.0,10.0,3.0,1.0,0.0,2.0,1.0,6.0,36
62,Senegal,36.0,5.0,33,"[""5"", ""20"", ""2"", ""3""]",6.0,100.0,6.0,1.0,0.0,1.0,0.0,0.0,5.0,35
62,Iraq,74.0,24.0,34,"[""24"", ""34"", ""2"", ""3""]",29.0,64.0,29.0,7.0,3.0,0.0,4.0,6.0,16.0,36
63,Egypt,43.0,4.0,32,"[""4"", ""26"", ""0"", ""1""]",13.0,67.0,13.0,2.0,0.0,0.0,2.0,2.0,9.0,34
63,IR Iran,54.0,19.0,33,"[""19"", ""27"", ""3"", ""3""]",15.0,67.0,15.0,3.0,3.0,0.0,0.0,1.0,11.0,35
64,New Zealand,72.0,11.0,34,"[""11"", ""26"", ""1"", ""5""]",35.0,50.0,35.0,4.0,0.0,1.0,4.0,9.0,21.0,36
64,Belgium,48.0,15.0,35,"[""15"", ""30"", ""0"", ""7""]",6.0,50.0,6.0,1.0,0.0,0.0,1.0,1.0,4.0,37
65,Cabo Verde,51.0,23.0,32,"[""23"", ""33"", ""1"", ""7""]",7.0,100.0,7.0,2.0,1.0,1.0,1.0,0.0,4.0,34
65,Saudi Arabia,44.0,6.0,33,"[""6"", ""23"", ""1"", ""2""]",15.0,100.0,15.0,3.0,1.0,0.0,2.0,1.0,11.0,35
66,Uruguay,46.0,22.0,32,"[""22"", ""27"", ""2"", ""2""]",7.0,0.0,7.0,1.0,0.0,0.0,1.0,2.0,4.0,34
66,Spain,64.0,13.0,33,"[""13"", ""37"", ""1"", ""12""]",7.0,100.0,7.0,2.0,1.0,1.0,1.0,1.0,3.0,35
67,Panama,65.0,24.0,32,"[""24"", ""33"", ""0"", ""9""]",17.0,67.0,17.0,5.0,1.0,1.0,4.0,4.0,7.0,34
67,England,46.0,12.0,33,"[""12"", ""29"", ""0"", ""1""]",13.0,100.0,13.0,2.0,1.0,0.0,1.0,1.0,10.0,35
68,Croatia,36.0,8.0,32,"[""8"", ""23"", ""0"", ""4""]",6.0,0.0,6.0,0.0,0.0,0.0,0.0,3.0,3.0,34
68,Ghana,36.0,3.0,33,"[""3"", ""14"", ""1"", ""7""]",8.0,50.0,8.0,2.0,1.0,0.0,1.0,3.0,3.0,35
69,Algeria,38.0,8.0,32,"[""8"", ""23"", ""0"", ""2""]",10.0,0.0,10.0,1.0,0.0,0.0,1.0,2.0,7.0,34
69,Austria,36.0,5.0,33,"[""5"", ""24"", ""0"", ""0""]",12.0,40.0,12.0,1.0,1.0,1.0,0.0,5.0,5.0,35
70,Jordan,34.0,5.0,32,"[""5"", ""13"", ""1"", ""3""]",13.0,25.0,13.0,1.0,0.0,0.0,1.0,3.0,9.0,34
70,Argentina,26.0,3.0,33,"[""3"", ""14"", ""1"", ""4""]",5.0,0.0,5.0,1.0,0.0,0.0,1.0,0.0,4.0,35
71,Colombia,53.0,10.0,33,"[""10"", ""37"", ""1"", ""1""]",13.0,100.0,13.0,2.0,1.0,0.0,1.0,3.0,8.0,35
71,Portugal,54.0,6.0,34,"[""6"", ""19"", ""0"", ""4""]",26.0,100.0,26.0,6.0,2.0,0.0,4.0,1.0,19.0,36
72,Congo DR,41.0,8.0,33,"[""8"", ""33"", ""1"", ""1""]",4.0,0.0,4.0,1.0,0.0,0.0,1.0,0.0,3.0,35
72,Uzbekistan,54.0,16.0,34,"[""16"", ""26"", ""2"", ""3""]",19.0,25.0,19.0,1.0,0.0,0.0,1.0,4.0,14.0,36
73,South Africa,98.0,16.0,32,"[""16"", ""83"", ""2"", ""1""]",12.0,83.0,12.0,5.0,2.0,0.0,3.0,3.0,4.0,34
73,Canada,40.0,8.0,33,"[""8"", ""23"", ""0"", ""8""]",6.0,100.0,6.0,2.0,1.0,0.0,1.0,0.0,4.0,35
74,Germany,46.0,7.0,33,"[""7"", ""27"", ""0"", ""10""]",7.0,67.0,7.0,4.0,2.0,0.0,2.0,0.0,3.0,35
75,Netherlands,46.0,19.0,32,"[""19"", ""30"", ""1"", ""2""]",12.0,80.0,12.0,5.0,1.0,0.0,4.0,2.0,5.0,34
76,Brazil,31.0,8.0,33,"[""8"", ""20"", ""0"", ""5""]",5.0,50.0,5.0,1.0,1.0,0.0,0.0,1.0,3.0,35
76,Japan,64.0,20.0,34,"[""20"", ""28"", ""1"", ""8""]",19.0,67.0,19.0,6.0,2.0,0.0,4.0,2.0,11.0,36
77,France,41.0,12.0,33,"[""12"", ""24"", ""0"", ""7""]",7.0,100.0,7.0,4.0,2.0,0.0,2.0,0.0,3.0,35
77,Sweden,59.0,18.0,34,"[""18"", ""23"", ""1"", ""6""]",26.0,75.0,26.0,10.0,4.0,0.0,6.0,7.0,9.0,36
78,Côte d'Ivoire,27.0,9.0,32,"[""9"", ""13"", ""0"", ""4""]",10.0,33.0,10.0,2.0,2.0,0.0,0.0,4.0,4.0,34
78,Norway,55.0,18.0,33,"[""18"", ""29"", ""0"", ""5""]",14.0,80.0,14.0,4.0,1.0,1.0,2.0,3.0,7.0,35
79,Mexico,48.0,21.0,32,"[""21"", ""34"", ""1"", ""3""]",7.0,100.0,7.0,1.0,0.0,0.0,1.0,2.0,4.0,34
79,Ecuador,40.0,14.0,33,"[""14"", ""23"", ""1"", ""0""]",15.0,33.0,15.0,1.0,0.0,0.0,1.0,6.0,8.0,35
80,England,38.0,9.0,32,"[""9"", ""26"", ""0"", ""5""]",7.0,50.0,7.0,2.0,1.0,0.0,1.0,3.0,2.0,34
80,Congo DR,65.0,14.0,33,"[""14"", ""36"", ""0"", ""4""]",17.0,67.0,17.0,6.0,0.0,0.0,6.0,0.0,11.0,35
81,USA,34.0,8.0,32,"[""8"", ""12"", ""2"", ""5""]",11.0,100.0,11.0,4.0,2.0,0.0,2.0,2.0,5.0,34
81,Bosnia and Herzegovina,49.0,10.0,33,"[""10"", ""32"", ""0"", ""3""]",8.0,0.0,8.0,2.0,0.0,0.0,2.0,1.0,5.0,35
82,Belgium,65.0,11.0,34,"[""11"", ""34"", ""1"", ""7""]",20.0,60.0,20.0,4.0,4.0,0.0,0.0,3.0,13.0,36
82,Senegal,88.0,35.0,35,"[""35"", ""46"", ""3"", ""8""]",20.0,40.0,20.0,3.0,2.0,1.0,1.0,4.0,12.0,37
83,Portugal,31.0,6.0,32,"[""6"", ""13"", ""1"", ""2""]",13.0,83.0,13.0,6.0,1.0,0.0,5.0,1.0,6.0,34
83,Croatia,53.0,4.0,33,"[""4"", ""27"", ""0"", ""6""]",15.0,33.0,15.0,1.0,0.0,0.0,1.0,3.0,11.0,35
84,Spain,44.0,9.0,33,"[""9"", ""33"", ""0"", ""4""]",5.0,0.0,5.0,0.0,0.0,0.0,0.0,1.0,4.0,35
84,Austria,70.0,5.0,34,"[""5"", ""38"", ""1"", ""1""]",23.0,67.0,23.0,7.0,3.0,0.0,4.0,3.0,13.0,36
85,Switzerland,55.0,19.0,32,"[""19"", ""38"", ""0"", ""7""]",8.0,100.0,8.0,2.0,2.0,0.0,0.0,0.0,6.0,34
85,Algeria,48.0,11.0,33,"[""11"", ""33"", ""0"", ""3""]",11.0,50.0,11.0,4.0,2.0,0.0,2.0,1.0,6.0,35
86,Argentina,50.0,6.0,33,"[""6"", ""27"", ""1"", ""5""]",16.0,60.0,16.0,3.0,1.0,0.0,2.0,1.0,12.0,35
86,Cabo Verde,67.0,17.0,34,"[""17"", ""31"", ""2"", ""3""]",23.0,73.0,23.0,7.0,2.0,1.0,5.0,3.0,12.0,36
87,Colombia,49.0,4.0,33,"[""4"", ""32"", ""1"", ""5""]",8.0,0.0,8.0,0.0,0.0,0.0,0.0,1.0,7.0,35
87,Ghana,60.0,12.0,34,"[""12"", ""32"", ""4"", ""2""]",20.0,88.0,20.0,7.0,1.0,0.0,6.0,1.0,12.0,36
88,Australia,55.0,14.0,32,"[""14"", ""26"", ""2"", ""7""]",16.0,75.0,16.0,3.0,0.0,1.0,2.0,3.0,10.0,34
89,Paraguay,46.0,24.0,32,"[""24"", ""19"", ""4"", ""2""]",15.0,80.0,15.0,4.0,1.0,0.0,3.0,5.0,6.0,34
89,France,45.0,7.0,33,"[""7"", ""26"", ""2"", ""6""]",5.0,0.0,5.0,1.0,1.0,0.0,0.0,0.0,4.0,35
90,Canada,30.0,10.0,32,"[""10"", ""23"", ""0"", ""2""]",5.0,25.0,5.0,1.0,1.0,0.0,0.0,3.0,1.0,34
90,Morocco,65.0,14.0,33,"[""14"", ""41"", ""0"", ""6""]",10.0,100.0,10.0,3.0,0.0,0.0,3.0,0.0,7.0,35
91,Brazil,31.0,4.0,32,"[""4"", ""15"", ""1"", ""5""]",9.0,60.0,9.0,3.0,1.0,0.0,2.0,3.0,3.0,34
91,Norway,66.0,26.0,33,"[""26"", ""39"", ""2"", ""3""]",15.0,75.0,15.0,4.0,0.0,0.0,4.0,2.0,9.0,35
92,Mexico,31.0,5.0,33,"[""5"", ""17"", ""0"", ""6""]",6.0,40.0,6.0,2.0,2.0,0.0,0.0,4.0,0.0,35
92,England,69.0,23.0,34,"[""23"", ""31"", ""3"", ""5""]",20.0,60.0,20.0,3.0,1.0,0.0,2.0,4.0,13.0,36
93,Portugal,58.0,10.0,32,"[""10"", ""27"", ""1"", ""6""]",15.0,83.0,15.0,5.0,2.0,0.0,3.0,2.0,8.0,34
93,Spain,55.0,18.0,33,"[""18"", ""31"", ""0"", ""9""]",10.0,100.0,10.0,3.0,2.0,0.0,1.0,3.0,4.0,35
94,USA,43.0,7.0,32,"[""7"", ""18"", ""0"", ""7""]",15.0,43.0,15.0,3.0,2.0,0.0,1.0,2.0,10.0,34
94,Belgium,50.0,19.0,33,"[""19"", ""37"", ""2"", ""1""]",7.0,50.0,7.0,1.0,0.0,0.0,1.0,2.0,4.0,35
95,Argentina,26.0,5.0,33,"[""5"", ""17"", ""2"", ""1""]",5.0,0.0,5.0,0.0,0.0,0.0,0.0,1.0,4.0,35
95,Egypt,57.0,11.0,34,"[""11"", ""28"", ""0"", ""3""]",19.0,57.0,19.0,6.0,1.0,0.0,5.0,3.0,10.0,36
96,Switzerland,71.0,15.0,32,"[""15"", ""51"", ""0"", ""3""]",15.0,100.0,15.0,3.0,1.0,0.0,2.0,2.0,10.0,34
96,Colombia,58.0,20.0,33,"[""20"", ""46"", ""2"", ""1""]",7.0,100.0,7.0,2.0,1.0,0.0,1.0,3.0,2.0,35
97,France,27.0,2.0,33,"[""2"", ""18"", ""0"", ""3""]",5.0,100.0,5.0,1.0,0.0,0.0,1.0,0.0,4.0,35
97,Morocco,60.0,9.0,34,"[""9"", ""33"", ""1"", ""3""]",22.0,75.0,22.0,8.0,2.0,0.0,6.0,3.0,11.0,36
98,Spain,50.0,9.0,32,"[""9"", ""33"", ""0"", ""7""]",5.0,50.0,5.0,1.0,1.0,0.0,0.0,2.0,2.0,34
98,Belgium,66.0,23.0,33,"[""23"", ""41"", ""1"", ""4""]",17.0,75.0,17.0,6.0,1.0,0.0,5.0,4.0,7.0,35
100,Argentina,60.0,25.0,33,"[""25"", ""39"", ""4"", ""2""]",11.0,80.0,11.0,4.0,2.0,0.0,2.0,1.0,6.0,35
100,Switzerland,67.0,19.0,34,"[""19"", ""33"", ""4"", ""3""]",22.0,57.0,22.0,4.0,1.0,0.0,3.0,5.0,13.0,36
99,England,57.0,21.0,33,"[""21"", ""27"", ""1"", ""8""]",14.0,75.0,14.0,5.0,2.0,0.0,3.0,4.0,5.0,35
99,Norway,63.0,23.0,32,"[""23"", ""40"", ""3"", ""2""]",15.0,71.0,15.0,4.0,1.0,2.0,3.0,4.0,5.0,34
