player_name,team,position_group,minutes_total,gk_volume_faced_proxy,gk_save_actions_proxy,gk_efficiency_pct_proxy,volume_defensivo_gk_index,eficiencia_gk_index,distribuicao_gk_index,pressao_sofrida_gk_index,gk_matches_pdf,gk_gk_total_involvements_sum_pdf,gk_gk_line_breaks_sum_pdf,gk_gk_distribution_page_no_sum_pdf,gk_gk_attempts_on_goal_faced_sum_pdf,gk_gk_save_pct_mean_pdf,gk_gk_attempts_faced_table_sum_pdf,gk_gk_total_goal_interventions_sum_pdf,gk_gk_save_retain_sum_pdf,gk_gk_deflect_retain_sum_pdf,gk_gk_save_deflect_sum_pdf,gk_gk_save_attempt_sum_pdf,gk_gk_no_save_attempt_sum_pdf,gk_gk_goal_prevention_page_no_sum_pdf,gk_squad_no_sum_pdf,gk_minutes_played_est_sum_pdf,gk_active_matches_pdf,gk_active_minutes_pdf,gk_matches_pdf_per90,gk_gk_total_involvements_sum_pdf_per90,gk_gk_line_breaks_sum_pdf_per90,gk_gk_distribution_page_no_sum_pdf_per90,gk_gk_attempts_on_goal_faced_sum_pdf_per90,gk_gk_save_pct_mean_pdf_per90,gk_gk_attempts_faced_table_sum_pdf_per90,gk_gk_total_goal_interventions_sum_pdf_per90,gk_gk_save_retain_sum_pdf_per90,gk_gk_deflect_retain_sum_pdf_per90,gk_gk_save_deflect_sum_pdf_per90,gk_gk_save_attempt_sum_pdf_per90,gk_gk_no_save_attempt_sum_pdf_per90,gk_gk_goal_prevention_page_no_sum_pdf_per90,gk_squad_no_sum_pdf_per90,gk_minutes_played_est_sum_pdf_per90,gk_active_matches_pdf_per90,gk_active_minutes_pdf_per90,gk_matches_pdf_per90__dup1,gk_gk_total_involvements_sum_pdf_per90__dup1,gk_gk_line_breaks_sum_pdf_per90__dup1,gk_gk_distribution_page_no_sum_pdf_per90__dup1,gk_gk_attempts_on_goal_faced_sum_pdf_per90__dup1,gk_gk_save_pct_mean_pdf_per90__dup1,gk_gk_attempts_faced_table_sum_pdf_per90__dup1,gk_gk_total_goal_interventions_sum_pdf_per90__dup1,gk_gk_save_retain_sum_pdf_per90__dup1,gk_gk_deflect_retain_sum_pdf_per90__dup1,gk_gk_save_deflect_sum_pdf_per90__dup1,gk_gk_save_attempt_sum_pdf_per90__dup1,gk_gk_no_save_attempt_sum_pdf_per90__dup1,gk_gk_goal_prevention_page_no_sum_pdf_per90__dup1,gk_squad_no_sum_pdf_per90__dup1,gk_minutes_played_est_sum_pdf_per90__dup1,gk_active_matches_pdf_per90__dup1,gk_active_minutes_pdf_per90__dup1
Orlando GILL,Paraguay,GK,,272.0,301.0,82.6,99.6,94.4,43.7,100.0,5.0,281.0,113.0,165.0,100.0,82.6,100.0,27.0,15.0,1.0,12.0,17.0,55.0,175.0,60.0,469.0,5.0,469.0,,,,,,,,,,,,,,,,,,,,,,,,,,,,,,,,,,,,
Thibaut COURTOIS,Belgium,GK,,197.0,301.0,67.0,95.2,80.6,80.4,91.4,6.0,304.0,86.0,200.0,72.0,67.0,72.0,18.0,5.0,1.0,13.0,11.0,42.0,212.0,6.0,564.0,6.0,564.0,,,,,,,,,,,,,,,,,,,,,,,,,,,,,,,,,,,,
MOSTAFA SHOUBIR,Egypt,GK,,215.0,269.0,80.8,94.0,88.8,79.7,96.6,5.0,250.0,43.0,166.0,77.0,80.8,77.0,16.0,4.0,0.0,12.0,12.0,49.0,176.0,115.0,496.0,5.0,496.0,,,,,,,,,,,,,,,,,,,,,,,,,,,,,,,,,,,,
Gregor KOBEL,Switzerland,GK,,190.0,296.0,85.0,91.4,95.7,88.9,87.9,6.0,342.0,81.0,196.0,70.0,85.0,70.0,19.0,9.0,1.0,10.0,9.0,41.0,208.0,6.0,594.0,6.0,594.0,,,,,,,,,,,,,,,,,,,,,,,,,,,,,,,,,,,,
Yassine BOUNOU,Morocco,GK,,181.0,298.0,59.16666666666666,89.2,75.9,74.5,81.9,6.0,300.0,64.0,199.0,67.0,59.16666666666666,67.0,20.0,7.0,0.0,13.0,7.0,40.0,211.0,6.0,566.0,6.0,566.0,,,,,,,,,,,,,,,,,,,,,,,,,,,,,,,,,,,,
Jordan PICKFORD,England,GK,,182.0,292.0,57.5,88.8,71.6,87.3,84.5,6.0,313.0,90.0,198.0,66.0,57.5,66.0,16.0,6.0,0.0,10.0,14.0,36.0,210.0,6.0,547.0,6.0,547.0,,,,,,,,,,,,,,,,,,,,,,,,,,,,,,,,,,,,
Orjan NYLAND,Norway,GK,,196.0,256.0,55.2,87.5,62.5,74.3,89.7,5.0,296.0,111.0,163.0,71.0,55.2,71.0,15.0,4.0,3.0,10.0,17.0,37.0,173.0,5.0,483.0,5.0,483.0,,,,,,,,,,,,,,,,,,,,,,,,,,,,,,,,,,,,
DIOGO COSTA,Portugal,GK,,187.0,259.0,83.2,87.1,89.6,76.5,86.2,5.0,216.0,36.0,162.0,69.0,83.2,69.0,19.0,7.0,1.0,12.0,7.0,42.0,172.0,5.0,468.0,5.0,468.0,,,,,,,,,,,,,,,,,,,,,,,,,,,,,,,,,,,,
VOZINHA,Cabo Verde,GK,,207.0,222.0,68.25,86.2,70.7,72.4,94.8,4.0,268.0,81.0,133.0,75.0,68.25,75.0,12.0,4.0,6.0,8.0,7.0,50.0,141.0,4.0,394.0,4.0,394.0,,,,,,,,,,,,,,,,,,,,,,,,,,,,,,,,,,,,
MAHMOUD ABUNADA,Qatar,GK,,217.0,203.0,62.333333333333336,81.5,62.5,28.5,98.3,3.0,196.0,52.0,100.0,79.0,62.333333333333336,79.0,19.0,0.0,1.0,19.0,9.0,50.0,106.0,3.0,270.0,3.0,270.0,,,,,,,,,,,,,,,,,,,,,,,,,,,,,,,,,,,,
Emiliano MARTINEZ,Argentina,GK,,141.0,267.0,40.0,79.4,53.4,84.6,69.0,6.0,248.0,64.0,196.0,50.0,40.0,50.0,9.0,3.0,0.0,6.0,4.0,37.0,208.0,138.0,608.0,6.0,608.0,,,,,,,,,,,,,,,,,,,,,,,,,,,,,,,,,,,,
Patrick BEACH,Australia,GK,,181.0,214.0,81.25,78.0,81.0,51.0,81.9,4.0,198.0,54.0,131.0,65.0,81.25,65.0,13.0,5.0,3.0,6.0,9.0,42.0,139.0,72.0,392.0,4.0,392.0,,,,,,,,,,,,,,,,,,,,,,,,,,,,,,,,,,,,
Alexander SCHLAGER,Austria,GK,,162.0,212.0,56.0,74.2,57.8,78.7,75.9,4.0,194.0,26.0,132.0,59.0,56.0,59.0,14.0,5.0,1.0,9.0,16.0,28.0,140.0,4.0,317.0,4.0,317.0,,,,,,,,,,,,,,,,,,,,,,,,,,,,,,,,,,,,
Max CROCOMBE,New Zealand,GK,,201.0,183.0,52.333333333333336,70.7,40.6,58.3,93.1,3.0,195.0,42.0,100.0,71.0,52.333333333333336,71.0,9.0,2.0,3.0,7.0,14.0,45.0,106.0,3.0,258.0,3.0,258.0,,,,,,,,,,,,,,,,,,,,,,,,,,,,,,,,,,,,
ALISSON,Brazil,GK,,132.0,237.0,75.4,70.6,81.9,80.8,60.3,5.0,190.0,34.0,163.0,49.0,75.4,49.0,15.0,7.0,0.0,8.0,7.0,27.0,173.0,5.0,456.0,5.0,456.0,,,,,,,,,,,,,,,,,,,,,,,,,,,,,,,,,,,,
Dominik LIVAKOVIC,Croatia,GK,,144.0,203.0,49.25,68.6,45.3,70.0,72.4,4.0,197.0,44.0,132.0,52.0,49.25,52.0,12.0,0.0,1.0,11.0,10.0,30.0,140.0,4.0,374.0,4.0,374.0,,,,,,,,,,,,,,,,,,,,,,,,,,,,,,,,,,,,
Hernan GALINDEZ,Ecuador,GK,,147.0,202.0,68.75,67.6,63.4,46.1,74.1,4.0,167.0,53.0,131.0,53.0,68.75,53.0,11.0,5.0,1.0,6.0,11.0,30.0,139.0,4.0,370.0,4.0,370.0,,,,,,,,,,,,,,,,,,,,,,,,,,,,,,,,,,,,
Camilo VARGAS,Colombia,GK,,125.0,226.0,70.0,67.2,73.7,89.5,55.2,5.0,254.0,56.0,165.0,44.0,70.0,44.0,7.0,3.0,0.0,4.0,10.0,27.0,175.0,60.0,483.0,5.0,483.0,,,,,,,,,,,,,,,,,,,,,,,,,,,,,,,,,,,,
MOHAMMED ALOWAIS,Saudi Arabia,GK,,177.0,189.0,83.66666666666667,66.4,74.1,30.2,79.3,3.0,171.0,44.0,100.0,65.0,83.66666666666667,65.0,18.0,3.0,0.0,15.0,8.0,39.0,106.0,63.0,273.0,3.0,273.0,,,,,,,,,,,,,,,,,,,,,,,,,,,,,,,,,,,,
Eloy ROOM,Curaçao,GK,,168.0,185.0,56.333333333333336,63.8,48.3,26.8,77.6,3.0,161.0,50.0,100.0,63.0,56.333333333333336,63.0,19.0,8.0,3.0,10.0,10.0,32.0,106.0,3.0,255.0,3.0,255.0,,,,,,,,,,,,,,,,,,,,,,,,,,,,,,,,,,,,
Yahia FOFANA,Côte d'Ivoire,GK,,142.0,196.0,51.0,63.8,43.1,47.4,70.7,4.0,182.0,61.0,130.0,51.0,51.0,51.0,9.0,3.0,2.0,6.0,9.0,31.0,138.0,4.0,360.0,4.0,360.0,,,,,,,,,,,,,,,,,,,,,,,,,,,,,,,,,,,,
Lionel MPASI,Congo DR,GK,,131.0,206.0,39.0,63.8,41.4,63.1,58.6,4.0,208.0,51.0,133.0,49.0,39.0,49.0,16.0,1.0,0.0,15.0,2.0,31.0,141.0,4.0,359.0,4.0,359.0,,,,,,,,,,,,,,,,,,,,,,,,,,,,,,,,,,,,
Bart VERBRUGGEN,Netherlands,GK,,126.0,204.0,73.25,62.0,71.6,62.1,56.9,4.0,177.0,45.0,130.0,48.0,73.25,48.0,18.0,7.0,0.0,11.0,10.0,20.0,138.0,4.0,384.0,4.0,384.0,,,,,,,,,,,,,,,,,,,,,,,,,,,,,,,,,,,,
Ronwen WILLIAMS,South Africa,GK,,138.0,201.0,75.0,62.0,69.0,90.0,65.5,4.0,294.0,83.0,130.0,51.0,75.0,51.0,14.0,7.0,2.0,6.0,6.0,30.0,138.0,4.0,362.0,4.0,362.0,,,,,,,,,,,,,,,,,,,,,,,,,,,,,,,,,,,,
Mike MAIGNAN,France,GK,,102.0,256.0,54.16666666666666,61.6,60.8,83.5,37.9,6.0,221.0,47.0,198.0,38.0,54.16666666666666,38.0,10.0,4.0,2.0,6.0,3.0,23.0,210.0,96.0,533.0,6.0,533.0,,,,,,,,,,,,,,,,,,,,,,,,,,,,,,,,,,,,
Raul RANGEL,Mexico,GK,,106.0,217.0,88.0,59.5,87.5,81.6,43.1,5.0,213.0,74.0,162.0,38.0,88.0,38.0,8.0,5.0,1.0,2.0,7.0,23.0,172.0,5.0,469.0,5.0,469.0,,,,,,,,,,,,,,,,,,,,,,,,,,,,,,,,,,,,
Unai SIMON,Spain,GK,,98.0,251.0,75.0,59.5,81.0,97.8,36.2,6.0,288.0,59.0,197.0,36.0,75.0,36.0,8.0,6.0,2.0,2.0,7.0,19.0,209.0,138.0,547.0,6.0,547.0,,,,,,,,,,,,,,,,,,,,,,,,,,,,,,,,,,,,
Alireza BEIRANVAND,IR Iran,GK,,140.0,171.0,79.33333333333333,56.0,64.6,38.5,67.2,3.0,159.0,49.0,99.0,52.0,79.33333333333333,52.0,15.0,11.0,1.0,4.0,6.0,30.0,105.0,3.0,229.0,3.0,229.0,,,,,,,,,,,,,,,,,,,,,,,,,,,,,,,,,,,,
Zion SUZUKI,Japan,GK,,114.0,202.0,53.5,55.2,47.8,53.8,49.1,4.0,171.0,48.0,132.0,44.0,53.5,44.0,18.0,8.0,0.0,10.0,6.0,20.0,140.0,4.0,361.0,4.0,361.0,,,,,,,,,,,,,,,,,,,,,,,,,,,,,,,,,,,,
Nikola VASILJ,Bosnia and Herzegovina,GK,,118.0,193.0,44.25,53.4,37.1,57.0,51.7,4.0,222.0,62.0,131.0,43.0,44.25,43.0,11.0,4.0,0.0,7.0,10.0,22.0,139.0,4.0,363.0,4.0,363.0,,,,,,,,,,,,,,,,,,,,,,,,,,,,,,,,,,,,
Angus GUNN,Scotland,GK,,135.0,155.0,70.66666666666667,51.8,55.2,67.1,63.8,3.0,180.0,46.0,98.0,48.0,70.66666666666667,48.0,6.0,2.0,3.0,4.0,9.0,30.0,104.0,3.0,255.0,3.0,255.0,,,,,,,,,,,,,,,,,,,,,,,,,,,,,,,,,,,,
Matt FREESE,USA,GK,,110.0,186.0,60.75,48.7,55.2,39.8,45.7,4.0,143.0,38.0,128.0,40.0,60.75,40.0,10.0,6.0,0.0,4.0,5.0,25.0,136.0,96.0,366.0,4.0,366.0,,,,,,,,,,,,,,,,,,,,,,,,,,,,,,,,,,,,
Matej KOVAR,Czechia,GK,,120.0,159.0,60.66666666666666,47.8,49.6,37.1,53.4,3.0,148.0,48.0,97.0,44.0,60.66666666666666,44.0,12.0,5.0,0.0,7.0,6.0,26.0,103.0,3.0,276.0,3.0,276.0,,,,,,,,,,,,,,,,,,,,,,,,,,,,,,,,,,,,
Maxime CREPEAU,Canada,GK,,73.0,208.0,48.4,46.6,47.4,67.6,22.4,5.0,161.0,39.0,163.0,27.0,48.4,27.0,8.0,5.0,0.0,3.0,4.0,15.0,173.0,80.0,453.0,5.0,453.0,,,,,,,,,,,,,,,,,,,,,,,,,,,,,,,,,,,,
AHMED BASIL,Iraq,GK,,134.0,130.0,52.0,44.8,29.3,25.8,62.1,2.0,145.0,40.0,68.0,48.0,52.0,48.0,10.0,4.0,0.0,6.0,9.0,29.0,72.0,44.0,180.0,2.0,180.0,,,,,,,,,,,,,,,,,,,,,,,,,,,,,,,,,,,,
Johny PLACIDE,Haiti,GK,,110.0,159.0,54.66666666666666,44.0,40.0,40.8,45.7,3.0,152.0,51.0,99.0,41.0,54.66666666666666,41.0,13.0,5.0,0.0,8.0,9.0,19.0,105.0,3.0,233.0,3.0,233.0,,,,,,,,,,,,,,,,,,,,,,,,,,,,,,,,,,,,
YAZEED ABULAILA,Jordan,GK,,114.0,153.0,44.333333333333336,43.5,29.3,25.8,49.1,3.0,122.0,35.0,97.0,41.0,44.333333333333336,41.0,9.0,3.0,0.0,6.0,5.0,27.0,103.0,3.0,265.0,3.0,265.0,,,,,,,,,,,,,,,,,,,,,,,,,,,,,,,,,,,,
Benjamin ASARE,Ghana,GK,,105.0,152.0,83.33333333333333,38.4,64.6,32.0,40.5,3.0,127.0,32.0,99.0,38.0,83.33333333333333,38.0,9.0,6.0,0.0,3.0,8.0,21.0,105.0,48.0,189.0,4.0,266.0,,,,,,,,,,,,,,,,,,,,,,,,,,,,,,,,,,,,
Manuel NEUER,Germany,GK,,85.0,178.0,50.0,38.0,37.1,84.4,29.3,4.0,173.0,36.0,131.0,31.0,50.0,31.0,8.0,4.0,0.0,4.0,5.0,18.0,139.0,4.0,387.0,4.0,387.0,,,,,,,,,,,,,,,,,,,,,,,,,,,,,,,,,,,,
Ugurcan CAKIR,Türkiye,GK,,94.0,146.0,57.0,34.5,41.4,63.3,34.5,3.0,140.0,27.0,100.0,34.0,57.0,34.0,7.0,1.0,1.0,6.0,6.0,20.0,106.0,69.0,261.0,3.0,261.0,,,,,,,,,,,,,,,,,,,,,,,,,,,,,,,,,,,,
Abduvohid NEMATOV,Uzbekistan,GK,,105.0,114.0,37.5,32.3,18.1,15.6,40.5,2.0,100.0,29.0,67.0,37.0,37.5,37.0,6.0,0.0,0.0,6.0,11.0,20.0,71.0,24.0,180.0,2.0,180.0,,,,,,,,,,,,,,,,,,,,,,,,,,,,,,,,,,,,
Jacob WIDELL ZETTERSTROM,Sweden,GK,,90.0,117.0,71.0,28.9,49.2,22.2,31.9,2.0,117.0,43.0,67.0,34.0,71.0,34.0,12.0,5.0,0.0,7.0,9.0,13.0,71.0,2.0,180.0,2.0,180.0,,,,,,,,,,,,,,,,,,,,,,,,,,,,,,,,,,,,
Luca ZIDANE,Algeria,GK,,75.0,143.0,58.333333333333336,28.9,41.8,71.0,25.9,3.0,135.0,22.0,99.0,29.0,58.333333333333336,29.0,11.0,4.0,2.0,6.0,3.0,14.0,105.0,69.0,270.0,3.0,270.0,,,,,,,,,,,,,,,,,,,,,,,,,,,,,,,,,,,,
Orlando MOSQUERA,Panama,GK,,81.0,138.0,72.33333333333333,28.4,51.7,51.4,27.6,3.0,144.0,44.0,97.0,30.0,72.33333333333333,30.0,7.0,1.0,2.0,6.0,5.0,16.0,103.0,66.0,272.0,3.0,272.0,,,,,,,,,,,,,,,,,,,,,,,,,,,,,,,,,,,,
KIM Seunggyu,Korea Republic,GK,,73.0,143.0,75.0,27.2,55.6,61.6,22.4,3.0,147.0,39.0,98.0,28.0,75.0,28.0,11.0,7.0,0.0,4.0,5.0,12.0,104.0,3.0,276.0,3.0,276.0,,,,,,,,,,,,,,,,,,,,,,,,,,,,,,,,,,,,
Aymen DAHMEN,Tunisia,GK,,90.0,107.0,46.0,27.2,22.4,13.2,31.9,2.0,92.0,32.0,65.0,32.0,46.0,32.0,6.0,2.0,0.0,4.0,5.0,21.0,69.0,32.0,180.0,2.0,180.0,,,,,,,,,,,,,,,,,,,,,,,,,,,,,,,,,,,,
Mory DIAW,Senegal,GK,,73.0,100.0,70.0,20.7,43.6,42.6,22.4,2.0,124.0,40.0,68.0,26.0,70.0,26.0,4.0,2.0,2.0,1.0,4.0,17.0,72.0,46.0,186.0,2.0,186.0,,,,,,,,,,,,,,,,,,,,,,,,,,,,,,,,,,,,
Edouard MENDY,Senegal,GK,,62.0,104.0,56.0,19.8,31.9,50.2,19.0,2.0,101.0,27.0,66.0,24.0,56.0,24.0,10.0,3.0,0.0,7.0,6.0,8.0,70.0,32.0,162.0,2.0,162.0,,,,,,,,,,,,,,,,,,,,,,,,,,,,,,,,,,,,
Fernando MUSLERA,Uruguay,GK,,53.0,93.0,58.5,16.8,35.3,52.7,16.4,2.0,81.0,12.0,66.0,19.0,58.5,19.0,4.0,2.0,0.0,2.0,3.0,12.0,70.0,46.0,183.0,3.0,228.0,,,,,,,,,,,,,,,,,,,,,,,,,,,,,,,,,,,,
Lawrence Ati ZIGI,Ghana,GK,,53.0,63.0,88.0,15.1,56.4,38.4,16.4,1.0,60.0,12.0,34.0,20.0,88.0,20.0,7.0,1.0,0.0,6.0,1.0,12.0,36.0,1.0,79.0,2.0,124.0,,,,,,,,,,,,,,,,,,,,,,,,,,,,,,,,,,,,
Kristoffer NORDFELDT,Sweden,GK,,47.0,90.0,39.5,13.8,15.5,34.4,12.1,2.0,86.0,28.0,65.0,17.0,39.5,17.0,4.0,3.0,0.0,1.0,4.0,9.0,69.0,46.0,180.0,2.0,180.0,,,,,,,,,,,,,,,,,,,,,,,,,,,,,,,,,,,,
Egil SELVIK,Norway,GK,,49.0,58.0,56.0,13.0,27.6,18.2,13.8,1.0,53.0,17.0,33.0,18.0,56.0,18.0,5.0,2.0,0.0,3.0,6.0,7.0,35.0,13.0,90.0,1.0,90.0,,,,,,,,,,,,,,,,,,,,,,,,,,,,,,,,,,,,
Utkir YUSUPOV,Uzbekistan,GK,,42.0,52.0,25.0,10.3,9.4,13.2,10.3,1.0,50.0,12.0,32.0,15.0,25.0,15.0,3.0,1.0,0.0,2.0,3.0,9.0,34.0,1.0,90.0,1.0,90.0,,,,,,,,,,,,,,,,,,,,,,,,,,,,,,,,,,,,
JALAL HASSAN,Iraq,GK,,38.0,48.0,33.0,7.8,8.6,22.6,8.6,1.0,56.0,16.0,32.0,13.0,33.0,13.0,1.0,0.0,0.0,1.0,2.0,10.0,34.0,12.0,90.0,2.0,120.0,,,,,,,,,,,,,,,,,,,,,,,,,,,,,,,,,,,,
Mouhib CHAMAKH,Tunisia,GK,,36.0,51.0,17.0,7.8,7.8,22.1,6.9,1.0,43.0,9.0,33.0,13.0,17.0,13.0,3.0,0.0,0.0,3.0,4.0,6.0,35.0,1.0,90.0,1.0,90.0,,,,,,,,,,,,,,,,,,,,,,,,,,,,,,,,,,,,
Oussama BENBOT,Algeria,GK,,29.0,45.0,0.0,4.8,3.8,26.0,5.2,1.0,38.0,8.0,32.0,10.0,0.0,10.0,1.0,0.0,0.0,1.0,2.0,7.0,34.0,16.0,90.0,1.0,90.0,,,,,,,,,,,,,,,,,,,,,,,,,,,,,,,,,,,,
Matt TURNER,USA,GK,,27.0,45.0,0.0,3.8,3.8,30.4,3.4,1.0,48.0,11.0,34.0,9.0,0.0,9.0,0.0,0.0,0.0,0.0,3.0,6.0,36.0,1.0,90.0,1.0,90.0,,,,,,,,,,,,,,,,,,,,,,,,,,,,,,,,,,,,
Sergio ROCHET,Uruguay,GK,,20.0,42.0,0.0,1.7,2.6,7.7,1.7,1.0,46.0,22.0,32.0,7.0,0.0,7.0,1.0,0.0,0.0,1.0,2.0,4.0,34.0,1.0,49.0,1.0,49.0,,,,,,,,,,,,,,,,,,,,,,,,,,,,,,,,,,,,
ABDALLAH ALFAKHORI,Jordan,GK,,,,,,,,,,,,,,,,,,,,,,,,,,,,,,,,,,,,,,,,,,,,,,,,,,,,,,,,,,,,,,
AHMED ALKASSAR,Saudi Arabia,GK,,,,,,,,,,,,,,,,,,,,,,,,,,,,,,,,,,,,,,,,,,,,,,,,,,,,,,,,,,,,,,
Ahmed Reda TAGNAOUTI,Morocco,GK,,,,,,,,,,,,,,,,,,,,,,,,,2.0,55.0,,,,,,,,,,,,,,,,,,,,,,,,,,,,,,,,,,,,
Alban LAFONT,Côte d'Ivoire,GK,,,,,,,,,,,,,,,,,,,,,,,,,,,,,,,,,,,,,,,,,,,,,,,,,,,,,,,,,,,,,,
Alex PAULSEN,New Zealand,GK,,,,,,,,,,,,,,,,,,,,,,,,,,,,,,,,,,,,,,,,,,,,,,,,,,,,,,,,,,,,,,
Alexander NUEBEL,Germany,GK,,,,,,,,,,,,,,,,,,,,,,,,,,,,,,,,,,,,,,,,,,,,,,,,,,,,,,,,,,,,,,
Alexandre PIERRE,Haiti,GK,,,,,,,,,,,,,,,,,,,,,,,,,,,,,,,,,,,,,,,,,,,,,,,,,,,,,,,,,,,,,,
Altay BAYINDIR,Türkiye,GK,,,,,,,,,,,,,,,,,,,,,,,,,,,,,,,,,,,,,,,,,,,,,,,,,,,,,,,,,,,,,,
Alvaro MONTERO,Colombia,GK,,,,,,,,,,,,,,,,,,,,,,,,,,,,,,,,,,,,,,,,,,,,,,,,,,,,,,,,,,,,,,
Botirali ERGASHEV,Uzbekistan,GK,,,,,,,,,,,,,,,,,,,,,,,,,1.0,45.0,,,,,,,,,,,,,,,,,,,,,,,,,,,,,,,,,,,,
Brice SAMBA,France,GK,,,,,,,,,,,,,,,,,,,,,,,,,,,,,,,,,,,,,,,,,,,,,,,,,,,,,,,,,,,,,,
CJ DOS SANTOS,Cabo Verde,GK,,,,,,,,,,,,,,,,,,,,,,,,,,,,,,,,,,,,,,,,,,,,,,,,,,,,,,,,,,,,,,
Carlos ACEVEDO,Mexico,GK,,,,,,,,,,,,,,,,,,,,,,,,,1.0,12.0,,,,,,,,,,,,,,,,,,,,,,,,,,,,,,,,,,,,
Cesar SAMUDIO,Panama,GK,,,,,,,,,,,,,,,,,,,,,,,,,,,,,,,,,,,,,,,,,,,,,,,,,,,,,,,,,,,,,,
Chris BRADY,USA,GK,,,,,,,,,,,,,,,,,,,,,,,,,1.0,14.0,,,,,,,,,,,,,,,,,,,,,,,,,,,,,,,,,,,,
Craig GORDON,Scotland,GK,,,,,,,,,,,,,,,,,,,,,,,,,,,,,,,,,,,,,,,,,,,,,,,,,,,,,,,,,,,,,,
David OSPINA,Colombia,GK,,,,,,,,,,,,,,,,,,,,,,,,,,,,,,,,,,,,,,,,,,,,,,,,,,,,,,,,,,,,,,
David RAYA,Spain,GK,,,,,,,,,,,,,,,,,,,,,,,,,,,,,,,,,,,,,,,,,,,,,,,,,,,,,,,,,,,,,,
Dayne ST. CLAIR,Canada,GK,,,,,,,,,,,,,,,,,,,,,,,,,,,,,,,,,,,,,,,,,,,,,,,,,,,,,,,,,,,,,,
Dean HENDERSON,England,GK,,,,,,,,,,,,,,,,,,,,,,,,,,,,,,,,,,,,,,,,,,,,,,,,,,,,,,,,,,,,,,
Dominik KOTARSKI,Croatia,GK,,,,,,,,,,,,,,,,,,,,,,,,,,,,,,,,,,,,,,,,,,,,,,,,,,,,,,,,,,,,,,
EDERSON,Brazil,GK,,,,,,,,,,,,,,,,,,,,,,,,,,,,,,,,,,,,,,,,,,,,,,,,,,,,,,,,,,,,,,
FAHAD TALIB,Iraq,GK,,,,,,,,,,,,,,,,,,,,,,,,,1.0,45.0,,,,,,,,,,,,,,,,,,,,,,,,,,,,,,,,,,,,
Florian WIEGELE,Austria,GK,,,,,,,,,,,,,,,,,,,,,,,,,,,,,,,,,,,,,,,,,,,,,,,,,,,,,,,,,,,,,,
Gaston OLVEIRA,Paraguay,GK,,,,,,,,,,,,,,,,,,,,,,,,,3.0,63.0,,,,,,,,,,,,,,,,,,,,,,,,,,,,,,,,,,,,
Gatito FERNANDEZ,Paraguay,GK,,,,,,,,,,,,,,,,,,,,,,,,,,,,,,,,,,,,,,,,,,,,,,,,,,,,,,,,,,,,,,
Geronimo RULLI,Argentina,GK,,,,,,,,,,,,,,,,,,,,,,,,,,,,,,,,,,,,,,,,,,,,,,,,,,,,,,,,,,,,,,
Gonzalo VALLE,Ecuador,GK,,,,,,,,,,,,,,,,,,,,,,,,,,,,,,,,,,,,,,,,,,,,,,,,,,,,,,,,,,,,,,
Guillermo OCHOA,Mexico,GK,,,,,,,3.3,,,,,,,,,,,,,,,,,,,,,,,,,,,,,,,,,,,,,,,,,,,,,,,,,,,,,,,
Hossein HOSSEINI,IR Iran,GK,,,,,,,,,,,,,,,,,,,,,,,,,2.0,73.0,,,,,,,,,,,,,,,,,,,,,,,,,,,,,,,,,,,,
Ivor PANDUR,Croatia,GK,,,,,,,,,,,,,,,,,,,,,,,,,,,,,,,,,,,,,,,,,,,,,,,,,,,,,,,,,,,,,,
JO Hyeonwoo,Korea Republic,GK,,,,,,,,,,,,,,,,,,,,,,,,,,,,,,,,,,,,,,,,,,,,,,,,,,,,,,,,,,,,,,
JOSE SA,Portugal,GK,,,,,,,,,,,,,,,,,,,,,,,,,,,,,,,,,,,,,,,,,,,,,,,,,,,,,,,,,,,,,,
James TRAFFORD,England,GK,,,,,,,,,,,,,,,,,,,,,,,,,2.0,113.0,,,,,,,,,,,,,,,,,,,,,,,,,,,,,,,,,,,,
Jindrich STANEK,Czechia,GK,,,,,,,,,,,,,,,,,,,,,,,,,,,,,,,,,,,,,,,,,,,,,,,,,,,,,,,,,,,,,,
Joan GARCIA,Spain,GK,,,,,,,,,,,,,,,,,,,,,,,,,,,,,,,,,,,,,,,,,,,,,,,,,,,,,,,,,,,,,,
Joseph ANANG,Ghana,GK,,,,,,,,,,,,,,,,,,,,,,,,,,,,,,,,,,,,,,,,,,,,,,,,,,,,,,,,,,,,,,
Josue DUVERGER,Haiti,GK,,,,,,,,,,,,,,,,,,,,,,,,,1.0,13.0,,,,,,,,,,,,,,,,,,,,,,,,,,,,,,,,,,,,
Juan MUSSO,Argentina,GK,,,,,,,,,,,,,,,,,,,,,,,,,,,,,,,,,,,,,,,,,,,,,,,,,,,,,,,,,,,,,,
Keisuke OSAKO,Japan,GK,,,,,,,,,,,,,,,,,,,,,,,,,,,,,,,,,,,,,,,,,,,,,,,,,,,,,,,,,,,,,,
Liam KELLY,Scotland,GK,,,,,,,,,,,,,,,,,,,,,,,,,,,,,,,,,,,,,,,,,,,,,,,,,,,,,,,,,,,,,,
Luis MEJIA,Panama,GK,,,,,,,,,,,,,,,,,,,,,,,,,,,,,,,,,,,,,,,,,,,,,,,,,,,,,,,,,,,,,,
Lukas HORNICEK,Czechia,GK,,,,,,,,,,,,,,,,,,,,,,,,,,,,,,,,,,,,,,,,,,,,,,,,,,,,,,,,,,,,,,
MAHDY SOLIMAN,Egypt,GK,,,,,,,,,,,,,,,,,,,,,,,,,,,,,,,,,,,,,,,,,,,,,,,,,,,,,,,,,,,,,,
MARCIO ROSA,Cabo Verde,GK,,,,,,,,,,,,,,,,,,,,,,,,,,,,,,,,,,,,,,,,,,,,,,,,,,,,,,,,,,,,,,
MESHAAL BARSHAM,Qatar,GK,,,,,,,,,,,,,,,,,,,,,,,,,1.0,3.0,,,,,,,,,,,,,,,,,,,,,,,,,,,,,,,,,,,,
MOHAMED ALAA,Egypt,GK,,,,,,,,,,,,,,,,,,,,,,,,,1.0,53.0,,,,,,,,,,,,,,,,,,,,,,,,,,,,,,,,,,,,
MOHAMED ELSHENAWY,Egypt,GK,,,,,,,,,,,,,,,,,,,,,,,,,,,,,,,,,,,,,,,,,,,,,,,,,,,,,,,,,,,,,,
Mark FLEKKEN,Netherlands,GK,,,,,,,,,,,,,,,,,,,,,,,,,,,,,,,,,,,,,,,,,,,,,,,,,,,,,,,,,,,,,,
Martin ZLOMISLIC,Bosnia and Herzegovina,GK,,,,,,,,,,,,,,,,,,,,,,,,,,,,,,,,,,,,,,,,,,,,,,,,,,,,,,,,,,,,,,
Marvin KELLER,Switzerland,GK,,,,,,,,,,,,,,,,,,,,,,,,,1.0,29.0,,,,,,,,,,,,,,,,,,,,,,,,,,,,,,,,,,,,
Mathew RYAN,Australia,GK,,,,,,,1.6,,,,,,,,,,,,,,,,,,1.0,1.0,,,,,,,,,,,,,,,,,,,,,,,,,,,,,,,,,,,,
Matthieu EPOLO,Congo DR,GK,,,,,,,,,,,,,,,,,,,,,,,,,,,,,,,,,,,,,,,,,,,,,,,,,,,,,,,,,,,,,,
Melvin MASTIL,Algeria,GK,,,,,,,,,,,,,,,,,,,,,,,,,,,,,,,,,,,,,,,,,,,,,,,,,,,,,,,,,,,,,,
Mert GUNOK,Türkiye,GK,,,,,,,,,,,,,,,,,,,,,,,,,,,,,,,,,,,,,,,,,,,,,,,,,,,,,,,,,,,,,,
Michael WOUD,New Zealand,GK,,,,,,,,,,,,,,,,,,,,,,,,,,,,,,,,,,,,,,,,,,,,,,,,,,,,,,,,,,,,,,
Mike PENDERS,Belgium,GK,,,,,,,,,,,,,,,,,,,,,,,,,,,,,,,,,,,,,,,,,,,,,,,,,,,,,,,,,,,,,,
Mladen JURKAS,Bosnia and Herzegovina,GK,,,,,,,,,,,,,,,,,,,,,,,,,,,,,,,,,,,,,,,,,,,,,,,,,,,,,,,,,,,,,,
Mohamed KONE,Côte d'Ivoire,GK,,,,,,,,,,,,,,,,,,,,,,,,,,,,,,,,,,,,,,,,,,,,,,,,,,,,,,,,,,,,,,
Moises RAMIREZ,Ecuador,GK,,,,,,,,,,,,,,,,,,,,,,,,,,,,,,,,,,,,,,,,,,,,,,,,,,,,,,,,,,,,,,
Munir EL KAJOUI,Morocco,GK,,,,,,,,,,,,,,,,,,,,,,,,,,,,,,,,,,,,,,,,,,,,,,,,,,,,,,,,,,,,,,
NAWAF ALAQIDI,Saudi Arabia,GK,,,,,,,,,,,,,,,,,,,,,,,,,,,,,,,,,,,,,,,,,,,,,,,,,,,,,,,,,,,,,,
NOUR BANIATEYAH,Jordan,GK,,,,,,,,,,,,,,,,,,,,,,,,,,,,,,,,,,,,,,,,,,,,,,,,,,,,,,,,,,,,,,
Oliver BAUMANN,Germany,GK,,,,,,,,,,,,,,,,,,,,,,,,,,,,,,,,,,,,,,,,,,,,,,,,,,,,,,,,,,,,,,
Owen GOODMAN,Canada,GK,,,,,,,,,,,,,,,,,,,,,,,,,,,,,,,,,,,,,,,,,,,,,,,,,,,,,,,,,,,,,,
Patrick PENTZ,Austria,GK,,,,,,,,,,,,,,,,,,,,,,,,,,,,,,,,,,,,,,,,,,,,,,,,,,,,,,,,,,,,,,
Paul IZZO,Australia,GK,,,,,,,,,,,,,,,,,,,,,,,,,,,,,,,,,,,,,,,,,,,,,,,,,,,,,,,,,,,,,,
Payam NIAZMAND,IR Iran,GK,,,,,,,,,,,,,,,,,,,,,,,,,,,,,,,,,,,,,,,,,,,,,,,,,,,,,,,,,,,,,,
RUI SILVA,Portugal,GK,,,,,,,,,,,,,,,,,,,,,,,,,,,,,,,,,,,,,,,,,,,,,,,,,,,,,,,,,,,,,,
Ricardo GOSS,South Africa,GK,,,,,,,,,,,,,,,,,,,,,,,,,,,,,,,,,,,,,,,,,,,,,,,,,,,,,,,,,,,,,,
Robin RISSER,France,GK,,,,,,,,,,,,,,,,,,,,,,,,,1.0,3.0,,,,,,,,,,,,,,,,,,,,,,,,,,,,,,,,,,,,
Robin ROEFS,Netherlands,GK,,,,,,,,,,,,,,,,,,,,,,,,,,,,,,,,,,,,,,,,,,,,,,,,,,,,,,,,,,,,,,
SALAH ZAKARIA,Qatar,GK,,,,,,,,,,,,,,,,,,,,,,,,,,,,,,,,,,,,,,,,,,,,,,,,,,,,,,,,,,,,,,
SONG Bumkeun,Korea Republic,GK,,,,,,,,,,,,,,,,,,,,,,,,,,,,,,,,,,,,,,,,,,,,,,,,,,,,,,,,,,,,,,
Sabri BEN HESSEN,Tunisia,GK,,,,,,,,,,,,,,,,,,,,,,,,,,,,,,,,,,,,,,,,,,,,,,,,,,,,,,,,,,,,,,
Sander TANGVIK,Norway,GK,,,,,,,,,,,,,,,,,,,,,,,,,,,,,,,,,,,,,,,,,,,,,,,,,,,,,,,,,,,,,,
Santiago MELE,Uruguay,GK,,,,,,,,,,,,,,,,,,,,,,,,,,,,,,,,,,,,,,,,,,,,,,,,,,,,,,,,,,,,,,
Senne LAMMENS,Belgium,GK,,,,,,,4.9,,,,,,,,,,,,,,,,,,,,,,,,,,,,,,,,,,,,,,,,,,,,,,,,,,,,,,,
Sipho CHAINE,South Africa,GK,,,,,,,,,,,,,,,,,,,,,,,,,,,,,,,,,,,,,,,,,,,,,,,,,,,,,,,,,,,,,,
Timothy FAYULU,Congo DR,GK,,,,,,,,,,,,,,,,,,,,,,,,,,,,,,,,,,,,,,,,,,,,,,,,,,,,,,,,,,,,,,
Tomoki HAYAKAWA,Japan,GK,,,,,,,,,,,,,,,,,,,,,,,,,3.0,56.0,,,,,,,,,,,,,,,,,,,,,,,,,,,,,,,,,,,,
Trevor DOORNBUSCH,Curaçao,GK,,,,,,,,,,,,,,,,,,,,,,,,,,,,,,,,,,,,,,,,,,,,,,,,,,,,,,,,,,,,,,
Tyrick BODAK,Curaçao,GK,,,,,,,,,,,,,,,,,,,,,,,,,,,,,,,,,,,,,,,,,,,,,,,,,,,,,,,,,,,,,,
Viktor JOHANSSON,Sweden,GK,,,,,,,,,,,,,,,,,,,,,,,,,,,,,,,,,,,,,,,,,,,,,,,,,,,,,,,,,,,,,,
WEVERTON,Brazil,GK,,,,,,,,,,,,,,,,,,,,,,,,,,,,,,,,,,,,,,,,,,,,,,,,,,,,,,,,,,,,,,
Yehvann DIOUF,Senegal,GK,,,,,,,,,,,,,,,,,,,,,,,,,1.0,27.0,,,,,,,,,,,,,,,,,,,,,,,,,,,,,,,,,,,,
Yvon MVOGO,Switzerland,GK,,,,,,,,,,,,,,,,,,,,,,,,,,,,,,,,,,,,,,,,,,,,,,,,,,,,,,,,,,,,,,
