match_no,team,players_listed,players_used,minutes_total,team_match_offering_summary_v01,team_match_offering_summary_v02,team_match_offering_made,team_match_offering_received,team_match_offering_made_received_pct,team_match_passes_attempted,team_match_passes_completed,team_match_pass_completion_pct,team_match_offers_v01,team_match_offers_v02,team_match_offers_v03,team_match_total_offers,team_match_offers_received,team_match_offers_v04,team_match_offers_v05,team_match_offers_v06,team_match_offers_v07,team_match_offers_v08,team_match_oop_v01,team_match_oop_v02,team_match_oop_v03,team_match_oop_v04,team_match_oop_v05,team_match_oop_v06,team_match_oop_v07,team_match_oop_v08,team_match_oop_v09,team_match_oop_v10,team_match_oop_v11,team_match_oop_v12,team_match_oop_v13,team_match_total_distance_m,team_match_high_speed_runs_zone3,team_match_sprints_zone4_5,team_match_top_speed_kmh,team_match_oop_v14,team_match_offering_summary_v04,team_match_offering_summary_v05,team_match_offering_summary_v06,team_match_offers_v09,team_match_offers_v10,team_match_offers_v11,team_match_offers_v12,team_match_offers_v13,team_match_offers_v14,team_match_oop_v15,team_match_oop_v16,team_match_oop_v17,team_match_oop_v18,team_match_oop_v19,team_match_oop_v20,team_match_oop_v21,team_match_offers_v15,team_match_offers_v16,team_match_offers_v17,team_match_offers_v18,team_match_offers_v19,team_match_offers_v20,team_match_offers_v21,team_match_offers_v22,team_match_offers_v23,team_match_offers_v24,team_match_offers_v25,team_match_offers_v26,team_match_offers_v27,team_match_offers_v28,team_match_offers_v29,team_match_offers_v30,team_match_offers_v31,team_match_offers_v32,team_match_offers_v33,team_match_offers_v34,team_match_offers_v35,team_match_offers_v36,team_match_offers_v37,team_match_offers_v38,team_match_offers_v39,team_match_offers_v40,team_match_offers_v41,team_match_offers_v42,team_match_offers_v43,team_match_offers_v44,team_match_offers_v45,team_match_offers_v46,team_match_offers_v47,team_match_offers_v48,team_match_offers_v49,team_match_offers_v50,team_match_offers_v51,team_match_oop_v22,team_match_oop_v23,team_match_oop_v24,team_match_oop_v25,team_match_oop_v26,team_match_oop_v27,team_match_oop_v28,team_match_oop_v29,team_match_oop_v30,team_match_oop_v31,team_match_oop_v32,team_match_oop_v33,team_match_oop_v34,team_match_oop_v35,team_match_oop_v36,team_match_oop_v37,team_match_oop_v38,team_match_oop_v39,team_match_oop_v40,team_match_oop_v41,team_match_oop_v42,team_match_oop_v43,team_match_oop_v44,team_match_oop_v45,team_match_oop_v46,team_match_oop_v47,team_match_oop_v48,team_match_oop_v49,team_match_oop_v50,team_match_oop_v51,team_match_oop_v52,team_match_oop_v53,team_match_oop_v54,team_match_oop_v55,team_match_oop_v56,team_match_oop_v57,team_match_oop_v58,team_match_oop_v59,team_match_oop_v60,team_match_oop_v61,team_match_oop_v62,team_match_oop_v63,team_match_oop_v64,team_match_oop_v65,team_match_oop_v66,team_match_oop_v67,team_match_oop_v68,team_match_oop_v69,team_match_oop_v70,team_match_oop_v71,team_match_oop_v72,team_match_oop_v73,team_match_oop_v74,team_match_oop_v75,team_match_oop_v76,team_match_oop_v77,gk_team_gk_total_involvements,gk_team_gk_line_breaks,gk_team_gk_distribution_page_no,gk_team_gk_attempts_on_goal_faced,gk_team_gk_save_pct,gk_team_gk_attempts_faced_table,gk_team_gk_total_goal_interventions,gk_team_gk_save_retain,gk_team_gk_deflect_retain,gk_team_gk_save_deflect,gk_team_gk_save_attempt,gk_team_gk_no_save_attempt,gk_team_gk_goal_prevention_page_no,opponent
1,Mexico,26,16,1012,424.0,166.0,424.0,166.0,651.1,547.0,495.0,1459.0,424.0,114.0,113.0,424.0,166.0,48.0,62.0,136.0,51.0,66.0,15.0,73.0,68.0,55.0,60.0,81.0,61.0,54.0,51.0,59.0,19.0,12.0,6.0,107310.3,1185.0,419.0,479.5,,,,,,,,,,,,,,,,,,,,,,,,,,,,,,,,,,,,,,,,,,,,,,,,,,,,,,,,,,,,,,,,,,,,,,,,,,,,,,,,,,,,,,,,,,,,,,,,,,,,,,,,,,,,,,,37.0,13.0,32,3.0,100.0,3.0,3.0,2.0,0.0,0.0,0.0,1.0,34,South Africa
1,South Africa,26,15,1012,247.0,94.0,247.0,94.0,559.1,351.0,290.0,1136.0,247.0,97.0,62.0,247.0,95.0,66.0,44.0,36.0,30.0,6.0,4.0,56.0,85.0,142.0,161.0,74.0,95.0,52.0,103.0,100.0,47.0,11.0,5.0,97060.4,1110.0,434.0,457.5,,,,,,,,,,,,,,,,,,,,,,,,,,,,,,,,,,,,,,,,,,,,,,,,,,,,,,,,,,,,,,,,,,,,,,,,,,,,,,,,,,,,,,,,,,,,,,,,,,,,,,,,,,,,,,,67.0,18.0,33,17.0,50.0,17.0,5.0,3.0,1.0,2.0,2.0,9.0,35,Mexico
2,Czechia,26,15,1056,197.0,67.0,197.0,67.0,692.9,327.0,241.0,1141.0,197.0,49.0,54.0,197.0,80.0,40.0,56.0,31.0,21.0,13.0,13.0,35.0,84.0,195.0,63.0,46.0,110.0,113.0,112.0,157.0,39.0,29.0,12.0,117628.4,1434.0,471.0,442.0,,,,,,,,,,,,,,,,,,,,,,,,,,,,,,,,,,,,,,,,,,,,,,,,,,,,,,,,,,,,,,,,,,,,,,,,,,,,,,,,,,,,,,,,,,,,,,,,,,,,,,,,,,,,,,,49.0,23.0,33,15.0,67.0,15.0,6.0,1.0,0.0,5.0,2.0,7.0,35,Korea Republic
2,Korea Republic,26,16,1056,386.0,186.0,386.0,186.0,747.9,542.0,483.0,1393.0,386.0,130.0,93.0,386.0,186.0,80.0,55.0,90.0,41.0,83.0,35.0,42.0,42.0,92.0,38.0,51.0,46.0,61.0,81.0,44.0,23.0,27.0,11.0,111805.5,1257.0,434.0,477.7,,,,,,,,,,,,,,,,,,,,,,,,,,,,,,,,,,,,,,,,,,,,,,,,,,,,,,,,,,,,,,,,,,,,,,,,,,,,,,,,,,,,,,,,,,,,,,,,,,,,,,,,,,,,,,,42.0,17.0,32,7.0,75.0,7.0,3.0,2.0,0.0,1.0,1.0,3.0,34,Czechia
3,Bosnia and Herzegovina,26,16,1023,126.0,47.0,126.0,47.0,715.4,279.0,186.0,1053.0,126.0,50.0,44.0,126.0,50.0,23.0,27.0,21.0,8.0,,12.0,56.0,72.0,96.0,70.0,62.0,57.0,118.0,77.0,110.0,48.0,45.0,39.0,109528.0,1091.0,397.0,489.3,,,,,,,,,,,,,,,,,,,,,,,,,,,,,,,,,,,,,,,,,,,,,,,,,,,,,,,,,,,,,,,,,,,,,,,,,,,,,,,,,,,,,,,,,,,,,,,,,,,,,,,,,,,,,,,53.0,21.0,33,13.0,67.0,13.0,2.0,1.0,0.0,1.0,1.0,10.0,35,Canada
3,Canada,26,15,1023,294.0,86.0,294.0,86.0,623.9,413.0,317.0,1076.0,294.0,51.0,65.0,294.0,87.0,61.0,80.0,59.0,48.0,16.0,10.0,34.0,46.0,94.0,63.0,62.0,63.0,55.0,98.0,45.0,38.0,36.0,16.0,111338.7,1253.0,446.0,481.7,,,,,,,,,,,,,,,,,,,,,,,,,,,,,,,,,,,,,,,,,,,,,,,,,,,,,,,,,,,,,,,,,,,,,,,,,,,,,,,,,,,,,,,,,,,,,,,,,,,,,,,,,,,,,,,38.0,8.0,32,8.0,67.0,8.0,2.0,2.0,0.0,0.0,0.0,6.0,34,Bosnia and Herzegovina
4,Paraguay,26,16,1023,204.0,73.0,204.0,73.0,511.3,316.0,234.0,1215.0,204.0,77.0,41.0,204.0,83.0,28.0,34.0,34.0,20.0,43.0,1.0,44.0,115.0,156.0,143.0,40.0,164.0,107.0,132.0,163.0,66.0,28.0,18.0,114310.1,1274.0,455.0,444.8,,,,,,,,,,,,,,,,,,,,,,,,,,,,,,,,,,,,,,,,,,,,,,,,,,,,,,,,,,,,,,,,,,,,,,,,,,,,,,,,,,,,,,,,,,,,,,,,,,,,,,,,,,,,,,,53.0,15.0,33,17.0,50.0,17.0,4.0,3.0,0.0,1.0,5.0,8.0,35,USA
4,USA,26,15,1044,471.0,160.0,471.0,160.0,595.4,602.0,520.0,1280.0,471.0,99.0,112.0,471.0,160.0,73.0,90.0,102.0,88.0,67.0,7.0,61.0,48.0,78.0,101.0,61.0,61.0,65.0,71.0,88.0,64.0,23.0,16.0,119906.8,1435.0,510.0,448.7,6.0,,,,,,,,,,,,,,,,,,,,,,,,,,,,,,,,,,,,,,,,,,,,,,,,,,,,,,,,,,,,,,,,,,,,,,,,,,,,,,,,,,,,,,,,,,,,,,,,,,,,,,,,,,,,,,33.0,9.0,32,9.0,0.0,9.0,1.0,0.0,0.0,1.0,1.0,7.0,34,Paraguay
5,Haiti,26,14,1045,267.0,94.0,267.0,94.0,533.7,431.0,378.0,1179.0,267.0,70.0,65.0,267.0,94.0,57.0,76.0,77.0,16.0,,14.0,71.0,40.0,78.0,43.0,41.0,63.0,67.0,78.0,65.0,31.0,27.0,18.0,113738.0,1367.0,451.0,428.2,3.0,,,,,,,,,,,,,,,,,,,,,,,,,,,,,,,,,,,,,,,,,,,,,,,,,,,,,,,,,,,,,,,,,,,,,,,,,,,,,,,,,,,,,,,,,,,,,,,,,,,,,,,,,,,,,,44.0,11.0,32,9.0,50.0,9.0,2.0,1.0,0.0,1.0,2.0,5.0,34,Scotland
5,Scotland,26,16,1045,329.0,115.0,329.0,115.0,470.6,397.0,324.0,1242.0,329.0,111.0,80.0,329.0,122.0,52.0,63.0,60.0,54.0,24.0,16.0,47.0,103.0,110.0,58.0,73.0,89.0,95.0,62.0,46.0,23.0,16.0,2.0,117571.9,1307.0,444.0,484.9,,,,,,,,,,,,,,,,,,,,,,,,,,,,,,,,,,,,,,,,,,,,,,,,,,,,,,,,,,,,,,,,,,,,,,,,,,,,,,,,,,,,,,,,,,,,,,,,,,,,,,,,,,,,,,,60.0,18.0,33,15.0,100.0,15.0,1.0,1.0,2.0,0.0,2.0,10.0,35,Haiti
6,Australia,26,16,990,193.0,74.0,193.0,74.0,583.6,293.0,224.0,1181.0,193.0,75.0,51.0,193.0,76.0,36.0,23.0,39.0,33.0,10.0,36.0,78.0,102.0,172.0,124.0,61.0,113.0,118.0,95.0,140.0,80.0,38.0,23.0,116628.4,1229.0,414.0,494.8,,,,,,,,,,,,,,,,,,,,,,,,,,,,,,,,,,,,,,,,,,,,,,,,,,,,,,,,,,,,,,,,,,,,,,,,,,,,,,,,,,,,,,,,,,,,,,,,,,,,,,,,,,,,,,,75.0,20.0,33,31.0,100.0,31.0,7.0,3.0,1.0,4.0,3.0,20.0,35,Türkiye
6,Türkiye,26,16,990,533.0,190.0,533.0,190.0,620.5,722.0,663.0,1336.0,533.0,169.0,115.0,533.0,193.0,89.0,82.0,103.0,80.0,85.0,9.0,23.0,77.0,72.0,87.0,84.0,56.0,47.0,67.0,60.0,32.0,20.0,13.0,112450.9,1101.0,430.0,487.2,,,,,,,,,,,,,,,,,,,,,,,,,,,,,,,,,,,,,,,,,,,,,,,,,,,,,,,,,,,,,,,,,,,,,,,,,,,,,,,,,,,,,,,,,,,,,,,,,,,,,,,,,,,,,,,37.0,3.0,34,9.0,50.0,9.0,1.0,0.0,1.0,1.0,2.0,5.0,36,Australia
7,Brazil,26,16,990,348.0,155.0,348.0,155.0,732.1,514.0,457.0,1401.0,348.0,93.0,94.0,348.0,169.0,45.0,75.0,81.0,90.0,25.0,8.0,38.0,61.0,217.0,69.0,65.0,76.0,159.0,125.0,94.0,35.0,20.0,16.0,113660.8,1381.0,509.0,456.0,,,,,,,,,,,,,,,,,,,,,,,,,,,,,,,,,,,,,,,,,,,,,,,,,,,,,,,,,,,,,,,,,,,,,,,,,,,,,,,,,,,,,,,,,,,,,,,,,,,,,,,,,,,,,,,45.0,9.0,32,14.0,67.0,14.0,3.0,2.0,0.0,1.0,2.0,9.0,34,Morocco
7,Morocco,26,16,990,400.0,148.0,400.0,148.0,660.1,503.0,431.0,1394.0,400.0,106.0,108.0,400.0,148.0,50.0,83.0,79.0,87.0,35.0,6.0,47.0,134.0,97.0,109.0,48.0,84.0,89.0,89.0,121.0,49.0,24.0,9.0,114900.3,1271.0,480.0,478.6,,,,,,,,,,,,,,,,,,,,,,,,,,,,,,,,,,,,,,,,,,,,,,,,,,,,,,,,,,,,,,,,,,,,,,,,,,,,,,,,,,,,,,,,,,,,,,,,,,,,,,,,,,,,,,,57.0,17.0,33,13.0,80.0,13.0,4.0,2.0,0.0,2.0,1.0,8.0,35,Brazil
8,Qatar,26,16,990,216.0,65.0,216.0,65.0,390.3,289.0,213.0,1101.0,216.0,67.0,41.0,216.0,69.0,57.0,39.0,30.0,22.0,25.0,9.0,48.0,75.0,195.0,49.0,52.0,93.0,116.0,168.0,76.0,28.0,25.0,10.0,109239.6,1151.0,362.0,473.2,,,,,,,,,,,,,,,,,,,,,,,,,,,,,,,,,,,,,,,,,,,,,,,,,,,,,,,,,,,,,,,,,,,,,,,,,,,,,,,,,,,,,,,,,,,,,,,,,,,,,,,,,,,,,,,74.0,14.0,33,28.0,83.0,28.0,6.0,0.0,1.0,6.0,4.0,17.0,35,Switzerland
8,Switzerland,26,15,989,325.0,105.0,325.0,105.0,448.8,591.0,542.0,1396.0,325.0,103.0,101.0,325.0,112.0,61.0,60.0,73.0,21.0,11.0,11.0,34.0,78.0,82.0,63.0,55.0,57.0,66.0,106.0,39.0,24.0,8.0,,109407.8,1276.0,445.0,468.2,,,,,,,,,,,,,,,,,,,,,,,,,,,,,,,,,,,,,,,,,,,,,,,,,,,,,,,,,,,,,,,,,,,,,,,,,,,,,,,,,,,,,,,,,,,,,,,,,,,,,,,,,,,,,,,35.0,3.0,34,7.0,100.0,7.0,3.0,1.0,0.0,2.0,1.0,3.0,36,Qatar
9,Côte d'Ivoire,26,16,990,333.0,128.0,333.0,128.0,592.3,471.0,413.0,1357.0,333.0,78.0,103.0,333.0,130.0,64.0,47.0,93.0,51.0,25.0,27.0,33.0,122.0,89.0,131.0,86.0,166.0,108.0,64.0,76.0,21.0,25.0,14.0,109592.3,1221.0,456.0,491.6,,,,,,,,,,,,,,,,,,,,,,,,,,,,,,,,,,,,,,,,,,,,,,,,,,,,,,,,,,,,,,,,,,,,,,,,,,,,,,,,,,,,,,,,,,,,,,,,,,,,,,,,,,,,,,,46.0,16.0,32,13.0,0.0,13.0,1.0,0.0,0.0,1.0,2.0,10.0,34,Ecuador
9,Ecuador,26,15,990,339.0,147.0,339.0,147.0,580.2,513.0,438.0,1220.0,339.0,99.0,94.0,339.0,148.0,37.0,65.0,62.0,83.0,46.0,5.0,43.0,50.0,142.0,129.0,97.0,88.0,48.0,72.0,134.0,55.0,35.0,11.0,108420.1,1221.2,451.0,441.6,,,,,,,,,,,,,,,,,,,,,,,,,,,,,,,,,,,,,,,,,,,,,,,,,,,,,,,,,,,,,,,,,,,,,,,,,,,,,,,,,,,,,,,,,,,,,,,,,,,,,,,,,,,,,,,57.0,20.0,33,16.0,75.0,16.0,2.0,2.0,1.0,0.0,3.0,10.0,35,Côte d'Ivoire
10,Curaçao,26,14,990,241.0,79.0,241.0,79.0,538.6,362.0,291.0,1132.0,241.0,56.0,79.0,241.0,83.0,74.0,44.0,30.0,26.0,11.0,5.0,66.0,91.0,141.0,145.0,30.0,86.0,119.0,125.0,189.0,48.0,37.0,11.0,103486.5,1005.0,400.0,405.4,,,,,,,,,,,,,,,,,,,,,,,,,,,,,,,,,,,,,,,,,,,,,,,,,,,,,,,,,,,,,,,,,,,,,,,,,,,,,,,,,,,,,,,,,,,,,,,,,,,,,,,,,,,,,,,66.0,16.0,34,26.0,36.0,26.0,3.0,1.0,1.0,2.0,8.0,14.0,36,Germany
10,Germany,26,16,990,445.0,153.0,445.0,153.0,726.4,641.0,569.0,1374.0,445.0,128.0,123.0,445.0,153.0,71.0,78.0,99.0,71.0,28.0,2.0,37.0,68.0,132.0,85.0,99.0,97.0,90.0,59.0,47.0,24.0,10.0,9.0,116216.1,1361.0,487.0,482.6,,,,,,,,,,,,,,,,,,,,,,,,,,,,,,,,,,,,,,,,,,,,,,,,,,,,,,,,,,,,,,,,,,,,,,,,,,,,,,,,,,,,,,,,,,,,,,,,,,,,,,,,,,,,,,,33.0,7.0,33,8.0,50.0,8.0,2.0,1.0,0.0,1.0,2.0,4.0,35,Curaçao
11,Japan,26,16,1001,342.0,105.0,342.0,105.0,572.3,358.0,302.0,1257.0,342.0,95.0,64.0,342.0,113.0,42.0,83.0,60.0,51.0,52.0,28.0,40.0,132.0,117.0,71.0,49.0,76.0,118.0,172.0,79.0,23.0,15.0,4.0,109399.2,1135.2,390.0,457.0,,,,,,,,,,,,,,,,,,,,,,,,,,,,,,,,,,,,,,,,,,,,,,,,,,,,,,,,,,,,,,,,,,,,,,,,,,,,,,,,,,,,,,,,,,,,,,,,,,,,,,,,,,,,,,,36.0,9.0,33,11.0,67.0,11.0,6.0,4.0,0.0,2.0,2.0,3.0,35,Netherlands
11,Netherlands,26,16,1022,271.0,103.0,271.0,103.0,678.3,502.0,451.0,1223.0,271.0,87.0,93.0,271.0,114.0,42.0,32.0,78.0,78.0,25.0,26.0,34.0,96.0,58.0,49.0,51.0,81.0,64.0,61.0,41.0,14.0,40.0,8.0,95586.3,959.0,309.0,455.4,3.0,24.0,27.0,16.0,2.0,2.0,1.0,8.0,4.0,16.0,15.0,1.0,1.0,2.0,12.0,8.0,1.0,,,,,,,,,,,,,,,,,,,,,,,,,,,,,,,,,,,,,,,,,,,,,,,,,,,,,,,,,,,,,,,,,,,,,,,,,,,,,,,,,,,,,,,,,,,,,,43.0,11.0,32,10.0,50.0,10.0,2.0,1.0,0.0,1.0,4.0,4.0,34,Japan
12,Sweden,26,14,990,250.0,97.0,250.0,97.0,604.9,356.0,290.0,1249.0,250.0,61.0,74.0,250.0,100.0,49.0,80.0,35.0,23.0,25.0,22.0,36.0,39.0,77.0,85.0,37.0,52.0,78.0,48.0,73.0,36.0,21.0,17.0,111344.8,1110.0,360.0,480.9,,,,,,,,,,,,,,,,,,,,,,,,,,,,,,,,,,,,,,,,,,,,,,,,,,,,,,,,,,,,,,,,,,,,,,,,,,,,,,,,,,,,,,,,,,,,,,,,,,,,,,,,,,,,,,,36.0,15.0,32,7.0,50.0,7.0,2.0,1.0,0.0,1.0,0.0,5.0,34,Tunisia
12,Tunisia,26,16,990,362.0,109.0,362.0,109.0,464.1,370.0,299.0,1337.0,362.0,60.0,109.0,362.0,113.0,53.0,110.0,51.0,44.0,44.0,7.0,37.0,70.0,141.0,45.0,65.0,73.0,100.0,89.0,56.0,30.0,8.0,6.0,109722.3,1155.3,431.0,452.8,,,,,,,,,,,,,,,,,,,,,,,,,,,,,,,,,,,,,,,,,,,,,,,,,,,,,,,,,,,,,,,,,,,,,,,,,,,,,,,,,,,,,,,,,,,,,,,,,,,,,,,,,,,,,,,43.0,9.0,33,13.0,17.0,13.0,3.0,0.0,0.0,3.0,4.0,6.0,35,Sweden
13,Saudi Arabia,26,13,990,201.0,54.0,201.0,54.0,425.1,331.0,243.0,972.0,201.0,49.0,57.0,201.0,58.0,15.0,23.0,48.0,35.0,28.0,12.0,44.0,45.0,210.0,97.0,65.0,84.0,69.0,130.0,107.0,41.0,29.0,4.0,109537.3,1182.0,384.0,445.1,,,,,,,,,,,,,,,,,,,,,,,,,,,,,,,,,,,,,,,,,,,,,,,,,,,,,,,,,,,,,,,,,,,,,,,,,,,,,,,,,,,,,,,,,,,,,,,,,,,,,,,,,,,,,,,62.0,21.0,33,27.0,89.0,27.0,9.0,1.0,0.0,8.0,2.0,16.0,35,Uruguay
13,Uruguay,26,15,990,538.0,180.0,538.0,180.0,566.5,623.0,566.0,1341.0,538.0,136.0,100.0,538.0,180.0,45.0,131.0,169.0,116.0,21.0,25.0,41.0,70.0,67.0,63.0,61.0,80.0,69.0,40.0,62.0,21.0,26.0,18.0,110915.1,1182.0,416.0,498.1,,,,,,,,,,,,,,,,,,,,,,,,,,,,,,,,,,,,,,,,,,,,,,,,,,,,,,,,,,,,,,,,,,,,,,,,,,,,,,,,,,,,,,,,,,,,,,,,,,,,,,,,,,,,,,,42.0,5.0,34,7.0,67.0,7.0,2.0,0.0,0.0,2.0,2.0,3.0,36,Saudi Arabia
14,Cabo Verde,26,16,1023,238.0,80.0,238.0,80.0,602.1,306.0,227.0,1150.0,238.0,64.0,85.0,238.0,80.0,56.0,31.0,44.0,25.0,13.0,6.0,75.0,155.0,93.0,176.0,76.0,54.0,216.0,187.0,91.0,49.0,28.0,11.0,112372.6,1084.0,342.0,477.0,,,,,,,,,,,,,,,,,,,,,,,,,,,,,,,,,,,,,,,,,,,,,,,,,,,,,,,,,,,,,,,,,,,,,,,,,,,,,,,,,,,,,,,,,,,,,,,,,,,,,,,,,,,,,,,90.0,25.0,34,28.0,100.0,28.0,3.0,1.0,4.0,2.0,1.0,20.0,36,Spain
14,Spain,26,15,1023,634.0,247.0,634.0,247.0,588.1,811.0,755.0,1310.0,634.0,181.0,141.0,634.0,247.0,108.0,125.0,125.0,98.0,103.0,6.0,43.0,71.0,79.0,111.0,38.0,63.0,128.0,84.0,37.0,22.0,2.0,,115470.3,1170.0,391.0,443.8,,,,,,,,,,,,,,,,,,,,,,,,,,,,,,,,,,,,,,,,,,,,,,,,,,,,,,,,,,,,,,,,,,,,,,,,,,,,,,,,,,,,,,,,,,,,,,,,,,,,,,,,,,,,,,,35.0,1.0,33,6.0,100.0,6.0,0.0,0.0,1.0,0.0,0.0,5.0,35,Cabo Verde
15,IR Iran,26,15,990,355.0,112.0,355.0,112.0,453.9,417.0,333.0,1177.0,355.0,118.0,86.0,355.0,112.0,67.0,47.0,79.0,55.0,15.0,3.0,35.0,48.0,173.0,65.0,33.0,41.0,72.0,185.0,116.0,74.0,39.0,15.0,113019.2,1315.0,450.0,417.3,4.0,,,,,,,,,,,,,,,,,,,,,,,,,,,,,,,,,,,,,,,,,,,,,,,,,,,,,,,,,,,,,,,,,,,,,,,,,,,,,,,,,,,,,,,,,,,,,,,,,,,,,,,,,,,,,,39.0,6.0,32,14.0,71.0,14.0,6.0,6.0,0.0,0.0,3.0,5.0,34,New Zealand
15,New Zealand,26,14,990,396.0,154.0,396.0,154.0,500.3,449.0,379.0,1142.0,396.0,89.0,136.0,396.0,158.0,59.0,53.0,88.0,54.0,71.0,7.0,49.0,51.0,122.0,84.0,27.0,29.0,83.0,128.0,132.0,50.0,36.0,32.0,112902.6,1305.0,473.0,478.3,13.0,,,,,,,,,,,,,,,,,,,,,,,,,,,,,,,,,,,,,,,,,,,,,,,,,,,,,,,,,,,,,,,,,,,,,,,,,,,,,,,,,,,,,,,,,,,,,,,,,,,,,,,,,,,,,,61.0,13.0,33,17.0,50.0,17.0,2.0,2.0,0.0,0.0,4.0,11.0,35,IR Iran
16,Belgium,26,16,990,358.0,109.0,358.0,109.0,672.2,476.0,415.0,1370.0,358.0,91.0,80.0,358.0,110.0,41.0,46.0,90.0,57.0,62.0,6.0,44.0,84.0,97.0,92.0,38.0,86.0,93.0,85.0,60.0,54.0,24.0,16.0,113340.7,1292.0,485.0,496.4,5.0,,,,,,,,,,,,,,,,,,,,,,,,,,,,,,,,,,,,,,,,,,,,,,,,,,,,,,,,,,,,,,,,,,,,,,,,,,,,,,,,,,,,,,,,,,,,,,,,,,,,,,,,,,,,,,36.0,6.0,32,15.0,67.0,15.0,4.0,0.0,0.0,4.0,1.0,10.0,34,Egypt
16,Egypt,26,16,990,285.0,102.0,285.0,102.0,588.6,411.0,339.0,1334.0,285.0,51.0,74.0,285.0,111.0,43.0,64.0,58.0,66.0,31.0,6.0,39.0,58.0,162.0,61.0,27.0,62.0,137.0,121.0,93.0,31.0,25.0,11.0,111336.5,1263.0,487.0,491.9,,,,,,,,,,,,,,,,,,,,,,,,,,,,,,,,,,,,,,,,,,,,,,,,,,,,,,,,,,,,,,,,,,,,,,,,,,,,,,,,,,,,,,,,,,,,,,,,,,,,,,,,,,,,,,,53.0,14.0,33,17.0,100.0,17.0,3.0,2.0,0.0,1.0,4.0,10.0,35,Belgium
17,France,26,13,990,373.0,161.0,373.0,161.0,598.2,584.0,516.0,1125.0,373.0,102.0,78.0,373.0,161.0,56.0,100.0,98.0,61.0,39.0,14.0,29.0,61.0,139.0,133.0,99.0,61.0,26.0,54.0,135.0,60.0,30.0,9.0,120179.6,1324.0,532.0,400.4,,,,,,,,,,,,,,,,,,,,,,,,,,,,,,,,,,,,,,,,,,,,,,,,,,,,,,,,,,,,,,,,,,,,,,,,,,,,,,,,,,,,,,,,,,,,,,,,,,,,,,,,,,,,,,,55.0,18.0,32,7.0,50.0,7.0,1.0,0.0,2.0,1.0,1.0,3.0,34,Senegal
17,Senegal,26,15,976,350.0,124.0,350.0,124.0,604.7,521.0,453.0,1394.0,350.0,128.0,105.0,350.0,124.0,30.0,65.0,54.0,69.0,23.0,34.0,51.0,132.0,112.0,179.0,86.0,36.0,36.0,65.0,146.0,55.0,19.0,12.0,116725.1,1295.0,468.0,485.8,,,,,,,,,,,,,,,,,,,,,,,,,,,,,,,,,,,,,,,,,,,,,,,,,,,,,,,,,,,,,,,,,,,,,,,,,,,,,,,,,,,,,,,,,,,,,,,,,,,,,,,,,,,,,,,55.0,16.0,33,11.0,62.0,11.0,5.0,2.0,0.0,3.0,4.0,2.0,35,France
18,Iraq,26,16,990,310.0,91.0,310.0,91.0,544.7,347.0,286.0,1313.0,310.0,86.0,80.0,310.0,100.0,63.0,44.0,69.0,28.0,31.0,5.0,46.0,141.0,132.0,69.0,70.0,96.0,134.0,95.0,60.0,48.0,8.0,7.0,111736.4,1355.0,458.0,481.5,5.0,,,,,,,,,,,,,,,,,,,,,,,,,,,,,,,,,,,,,,,,,,,,,,,,,,,,,,,,,,,,,,,,,,,,,,,,,,,,,,,,,,,,,,,,,,,,,,,,,,,,,,,,,,,,,,56.0,16.0,32,13.0,33.0,13.0,1.0,0.0,0.0,1.0,2.0,10.0,34,Norway
18,Norway,26,16,990,355.0,140.0,355.0,140.0,626.0,548.0,493.0,1407.0,355.0,88.0,81.0,355.0,140.0,77.0,91.0,63.0,56.0,39.0,5.0,36.0,83.0,79.0,34.0,55.0,70.0,46.0,111.0,61.0,26.0,20.0,3.0,116257.1,1307.0,441.0,461.9,,,,,,,,,,,,,,,,,,,,,,,,,,,,,,,,,,,,,,,,,,,,,,,,,,,,,,,,,,,,,,,,,,,,,,,,,,,,,,,,,,,,,,,,,,,,,,,,,,,,,,,,,,,,,,,47.0,14.0,33,11.0,0.0,11.0,0.0,0.0,0.0,0.0,5.0,6.0,35,Iraq
19,Algeria,26,16,990,472.0,172.0,472.0,172.0,588.1,634.0,578.0,1450.0,472.0,111.0,149.0,472.0,172.0,66.0,76.0,102.0,79.0,61.0,12.0,39.0,96.0,216.0,106.0,73.0,48.0,137.0,116.0,91.0,16.0,10.0,3.0,109318.6,1250.0,400.0,460.8,,,,,,,,,,,,,,,,,,,,,,,,,,,,,,,,,,,,,,,,,,,,,,,,,,,,,,,,,,,,,,,,,,,,,,,,,,,,,,,,,,,,,,,,,,,,,,,,,,,,,,,,,,,,,,,49.0,5.0,33,10.0,50.0,10.0,4.0,1.0,0.0,3.0,2.0,4.0,35,Argentina
19,Argentina,26,16,990,421.0,166.0,421.0,166.0,729.5,578.0,517.0,1402.0,421.0,121.0,127.0,421.0,166.0,57.0,86.0,54.0,70.0,72.0,3.0,40.0,74.0,82.0,159.0,95.0,90.0,129.0,115.0,91.0,39.0,13.0,1.0,108386.8,1057.0,367.0,473.7,,,,,,,,,,,,,,,,,,,,,,,,,,,,,,,,,,,,,,,,,,,,,,,,,,,,,,,,,,,,,,,,,,,,,,,,,,,,,,,,,,,,,,,,,,,,,,,,,,,,,,,,,,,,,,,50.0,16.0,32,7.0,0.0,7.0,0.0,0.0,0.0,0.0,1.0,6.0,34,Algeria
20,Austria,26,16,990,468.0,180.0,468.0,180.0,678.5,587.0,499.0,1285.0,468.0,154.0,135.0,468.0,180.0,62.0,75.0,119.0,50.0,53.0,16.0,34.0,45.0,106.0,94.0,31.0,60.0,83.0,108.0,111.0,42.0,38.0,14.0,120369.6,1496.0,526.0,492.1,,,,,,,,,,,,,,,,,,,,,,,,,,,,,,,,,,,,,,,,,,,,,,,,,,,,,,,,,,,,,,,,,,,,,,,,,,,,,,,,,,,,,,,,,,,,,,,,,,,,,,,,,,,,,,,46.0,11.0,32,11.0,67.0,11.0,3.0,1.0,0.0,2.0,3.0,5.0,34,Jordan
20,Jordan,26,16,990,295.0,89.0,295.0,89.0,603.1,344.0,254.0,1169.0,295.0,55.0,69.0,295.0,92.0,83.0,69.0,71.0,20.0,17.0,20.0,46.0,51.0,185.0,112.0,31.0,59.0,198.0,160.0,169.0,86.0,32.0,18.0,119221.9,1548.0,517.0,456.4,,,,,,,,,,,,,,,,,,,,,,,,,,,,,,,,,,,,,,,,,,,,,,,,,,,,,,,,,,,,,,,,,,,,,,,,,,,,,,,,,,,,,,,,,,,,,,,,,,,,,,,,,,,,,,,42.0,14.0,33,11.0,33.0,11.0,1.0,0.0,0.0,1.0,1.0,9.0,35,Austria
21,Ghana,26,16,1089,226.0,81.0,226.0,81.0,510.0,362.0,304.0,1266.0,226.0,64.0,56.0,226.0,85.0,58.0,54.0,51.0,19.0,5.0,9.0,85.0,64.0,142.0,75.0,68.0,102.0,161.0,87.0,46.0,24.0,18.0,14.0,119000.8,1280.0,498.0,478.6,,,,,,,,,,,,,,,,,,,,,,,,,,,,,,,,,,,,,,,,,,,,,,,,,,,,,,,,,,,,,,,,,,,,,,,,,,,,,,,,,,,,,,,,,,,,,,,,,,,,,,,,,,,,,,,44.0,12.0,32,11.0,100.0,11.0,4.0,3.0,0.0,1.0,2.0,5.0,34,Panama
21,Panama,26,15,1089,424.0,148.0,424.0,148.0,526.8,597.0,526.0,1243.0,424.0,113.0,136.0,424.0,148.0,45.0,86.0,103.0,79.0,10.0,5.0,37.0,96.0,82.0,59.0,46.0,54.0,62.0,83.0,93.0,31.0,34.0,16.0,117275.4,1274.0,442.0,452.4,,,,,,,,,,,,,,,,,,,,,,,,,,,,,,,,,,,,,,,,,,,,,,,,,,,,,,,,,,,,,,,,,,,,,,,,,,,,,,,,,,,,,,,,,,,,,,,,,,,,,,,,,,,,,,,43.0,6.0,33,7.0,50.0,7.0,0.0,0.0,1.0,0.0,1.0,5.0,35,Ghana
22,Croatia,26,16,990,280.0,85.0,280.0,85.0,572.2,460.0,400.0,1359.0,280.0,79.0,81.0,280.0,85.0,59.0,75.0,41.0,20.0,10.0,10.0,47.0,162.0,99.0,120.0,73.0,46.0,96.0,109.0,100.0,25.0,22.0,10.0,113723.1,1375.0,487.0,487.2,,,,,,,,,,,,,,,,,,,,,,,,,,,,,,,,,,,,,,,,,,,,,,,,,,,,,,,,,,,,,,,,,,,,,,,,,,,,,,,,,,,,,,,,,,,,,,,,,,,,,,,,,,,,,,,66.0,19.0,34,22.0,64.0,22.0,8.0,0.0,0.0,8.0,4.0,10.0,36,England
22,England,26,16,990,399.0,132.0,399.0,132.0,568.6,482.0,421.0,1341.0,399.0,132.0,92.0,399.0,132.0,35.0,63.0,73.0,96.0,40.0,9.0,45.0,81.0,145.0,110.0,87.0,36.0,49.0,111.0,113.0,48.0,25.0,5.0,116982.4,1425.0,510.0,485.7,,,,,,,,,,,,,,,,,,,,,,,,,,,,,,,,,,,,,,,,,,,,,,,,,,,,,,,,,,,,,,,,,,,,,,,,,,,,,,,,,,,,,,,,,,,,,,,,,,,,,,,,,,,,,,,76.0,19.0,33,10.0,60.0,10.0,4.0,1.0,0.0,3.0,2.0,4.0,35,Croatia
23,Congo DR,26,16,1012,253.0,84.0,253.0,84.0,572.0,268.0,214.0,1272.0,253.0,74.0,86.0,253.0,87.0,26.0,68.0,40.0,43.0,,6.0,44.0,136.0,231.0,73.0,77.0,151.0,193.0,114.0,63.0,19.0,12.0,3.0,112401.3,1268.0,470.0,482.7,,,,,,,,,,,,,,,,,,,,,,,,,,,,,,,,,,,,,,,,,,,,,,,,,,,,,,,,,,,,,,,,,,,,,,,,,,,,,,,,,,,,,,,,,,,,,,,,,,,,,,,,,,,,,,,44.0,16.0,33,8.0,0.0,8.0,1.0,0.0,0.0,1.0,1.0,6.0,35,Portugal
23,Portugal,26,15,1012,491.0,177.0,491.0,177.0,644.2,804.0,740.0,1392.0,491.0,130.0,112.0,491.0,177.0,76.0,107.0,143.0,63.0,37.0,11.0,39.0,68.0,100.0,64.0,47.0,58.0,78.0,71.0,34.0,17.0,11.0,1.0,109777.0,1185.0,457.0,456.5,,,,,,,,,,,,,,,,,,,,,,,,,,,,,,,,,,,,,,,,,,,,,,,,,,,,,,,,,,,,,,,,,,,,,,,,,,,,,,,,,,,,,,,,,,,,,,,,,,,,,,,,,,,,,,,44.0,9.0,32,8.0,50.0,8.0,1.0,1.0,0.0,0.0,2.0,5.0,34,Congo DR
24,Colombia,26,13,990,461.0,158.0,461.0,158.0,562.7,534.0,469.0,1221.0,461.0,171.0,99.0,461.0,159.0,34.0,88.0,94.0,91.0,42.0,14.0,56.0,41.0,111.0,43.0,49.0,52.0,44.0,65.0,54.0,18.0,23.0,10.0,108712.7,1113.0,365.0,480.0,,,,,,,,,,,,,,,,,,,,,,,,,,,,,,,,,,,,,,,,,,,,,,,,,,,,,,,,,,,,,,,,,,,,,,,,,,,,,,,,,,,,,,,,,,,,,,,,,,,,,,,,,,,,,,,50.0,14.0,33,8.0,50.0,8.0,1.0,0.0,0.0,1.0,2.0,5.0,35,Uzbekistan
24,Uzbekistan,26,15,990,289.0,93.0,289.0,93.0,560.5,334.0,267.0,1155.0,289.0,86.0,103.0,289.0,94.0,44.0,57.0,51.0,32.0,9.0,50.0,41.0,63.0,154.0,98.0,29.0,70.0,92.0,135.0,72.0,15.0,24.0,3.0,112018.4,1155.0,364.0,480.5,,,,,,,,,,,,,,,,,,,,,,,,,,,,,,,,,,,,,,,,,,,,,,,,,,,,,,,,,,,,,,,,,,,,,,,,,,,,,,,,,,,,,,,,,,,,,,,,,,,,,,,,,,,,,,,50.0,12.0,32,15.0,25.0,15.0,3.0,1.0,0.0,2.0,3.0,9.0,34,Colombia
25,Czechia,26,16,990,261.0,81.0,261.0,81.0,578.8,352.0,279.0,1251.0,261.0,77.0,62.0,261.0,81.0,44.0,71.0,38.0,42.0,8.0,10.0,32.0,86.0,190.0,92.0,80.0,232.0,185.0,94.0,74.0,38.0,14.0,16.0,119593.5,1538.0,499.0,442.7,2.0,,,,,,,,,,,,,,,,,,,,,,,,,,,,,,,,,,,,,,,,,,,,,,,,,,,,,,,,,,,,,,,,,,,,,,,,,,,,,,,,,,,,,,,,,,,,,,,,,,,,,,,,,,,,,,46.0,11.0,32,17.0,75.0,17.0,3.0,3.0,0.0,0.0,1.0,13.0,34,South Africa
25,South Africa,24,14,990,472.0,161.0,472.0,161.0,521.9,584.0,518.0,1224.0,472.0,148.0,114.0,472.0,161.0,56.0,68.0,93.0,73.0,81.0,32.0,32.0,33.0,139.0,60.0,106.0,106.0,87.0,74.0,30.0,27.0,13.0,,112006.5,1351.0,483.0,425.8,,,,,,,,,,,,,,,,,,,,,,,,,,,,,,,,,,,,,,,,,,,,,,,,,,,,,,,,,,,,,,,,,,,,,,,,,,,,,,,,,,,,,,,,,,,,,,,,,,,,,,,,,,,,,,,81.0,23.0,33,14.0,67.0,14.0,2.0,1.0,0.0,1.0,1.0,11.0,35,Czechia
26,Bosnia and Herzegovina,26,15,990,205.0,84.0,205.0,84.0,565.7,360.0,290.0,1256.0,205.0,72.0,57.0,205.0,86.0,39.0,46.0,44.0,31.0,,30.0,43.0,81.0,226.0,73.0,32.0,79.0,175.0,142.0,121.0,31.0,18.0,18.0,113081.8,1362.0,461.0,465.7,,,,,,,,,,,,,,,,,,,,,,,,,,,,,,,,,,,,,,,,,,,,,,,,,,,,,,,,,,,,,,,,,,,,,,,,,,,,,,,,,,,,,,,,,,,,,,,,,,,,,,,,,,,,,,,60.0,18.0,33,13.0,43.0,13.0,5.0,2.0,0.0,3.0,5.0,3.0,35,Switzerland
26,Switzerland,26,16,990,464.0,152.0,464.0,152.0,558.1,601.0,531.0,1353.0,464.0,148.0,122.0,464.0,152.0,70.0,93.0,73.0,45.0,65.0,17.0,39.0,100.0,123.0,50.0,56.0,110.0,103.0,49.0,44.0,14.0,19.0,11.0,114880.0,1453.0,465.0,477.3,,,,,,,,,,,,,,,,,,,,,,,,,,,,,,,,,,,,,,,,,,,,,,,,,,,,,,,,,,,,,,,,,,,,,,,,,,,,,,,,,,,,,,,,,,,,,,,,,,,,,,,,,,,,,,,45.0,16.0,32,5.0,67.0,5.0,2.0,1.0,0.0,1.0,1.0,2.0,34,Bosnia and Herzegovina
27,Canada,26,16,990,502.0,184.0,502.0,184.0,639.5,575.0,535.0,1494.0,502.0,94.0,58.0,502.0,185.0,79.0,110.0,171.0,133.0,41.0,23.0,29.0,57.0,41.0,43.0,66.0,73.0,53.0,25.0,13.0,6.0,4.0,1.0,111217.2,1274.0,415.0,478.4,,,,,,,,,,,,,,,,,,,,,,,,,,,,,,,,,,,,,,,,,,,,,,,,,,,,,,,,,,,,,,,,,,,,,,,,,,,,,,,,,,,,,,,,,,,,,,,,,,,,,,,,,,,,,,,21.0,1.0,33,2.0,0.0,2.0,0.0,0.0,0.0,0.0,0.0,2.0,35,Qatar
27,Qatar,26,16,993,94.0,26.0,94.0,26.0,346.2,166.0,107.0,978.0,94.0,34.0,32.0,94.0,39.0,22.0,15.0,6.0,11.0,,6.0,57.0,105.0,131.0,78.0,85.0,111.0,98.0,74.0,53.0,34.0,25.0,4.0,90753.7,958.0,290.0,447.6,,,,,,,,,,,,,,,,,,,,,,,,,,,,,,,,,,,,,,,,,,,,,,,,,,,,,,,,,,,,,,,,,,,,,,,,,,,,,,,,,,,,,,,,,,,,,,,,,,,,,,,,,,,,,,,78.0,22.0,34,35.0,44.0,35.0,7.0,0.0,0.0,7.0,2.0,26.0,36,Canada
28,Korea Republic,26,16,990,381.0,161.0,381.0,161.0,644.3,593.0,512.0,1243.0,381.0,159.0,111.0,381.0,162.0,77.0,47.0,62.0,75.0,11.0,5.0,67.0,118.0,95.0,78.0,55.0,97.0,108.0,78.0,57.0,18.0,24.0,10.0,112107.9,1174.0,443.0,487.9,,,,,,,,,,,,,,,,,,,,,,,,,,,,,,,,,,,,,,,,,,,,,,,,,,,,,,,,,,,,,,,,,,,,,,,,,,,,,,,,,,,,,,,,,,,,,,,,,,,,,,,,,,,,,,,50.0,15.0,33,8.0,75.0,8.0,5.0,3.0,0.0,2.0,1.0,2.0,35,Mexico
28,Mexico,25,16,990,456.0,140.0,456.0,140.0,439.3,432.0,360.0,1302.0,456.0,89.0,154.0,456.0,144.0,93.0,67.0,123.0,19.0,51.0,36.0,46.0,83.0,112.0,99.0,47.0,144.0,220.0,90.0,50.0,34.0,9.0,6.0,116549.9,1388.1,448.0,452.2,,,,,,,,,,,,,,,,,,,,,,,,,,,,,,,,,,,,,,,,,,,,,,,,,,,,,,,,,,,,,,,,,,,,,,,,,,,,,,,,,,,,,,,,,,,,,,,,,,,,,,,,,,,,,,,48.0,18.0,32,9.0,100.0,9.0,2.0,1.0,0.0,1.0,0.0,7.0,34,Korea Republic
29,Brazil,26,16,999,437.0,146.0,437.0,146.0,566.3,551.0,484.0,1375.0,437.0,116.0,125.0,437.0,146.0,64.0,95.0,90.0,43.0,50.0,36.0,44.0,50.0,87.0,82.0,54.0,56.0,75.0,38.0,50.0,23.0,23.0,16.0,113633.4,1271.8,461.0,469.2,,,,,,,,,,,,,,,,,,,,,,,,,,,,,,,,,,,,,,,,,,,,,,,,,,,,,,,,,,,,,,,,,,,,,,,,,,,,,,,,,,,,,,,,,,,,,,,,,,,,,,,,,,,,,,,44.0,8.0,32,7.0,100.0,7.0,3.0,0.0,0.0,3.0,0.0,4.0,34,Haiti
29,Haiti,26,16,990,402.0,135.0,402.0,135.0,569.0,402.0,338.0,1298.0,402.0,91.0,97.0,402.0,135.0,70.0,70.0,102.0,70.0,37.0,7.0,94.0,66.0,153.0,131.0,82.0,83.0,101.0,92.0,138.0,40.0,24.0,17.0,112816.2,1367.0,477.0,494.3,,,,,,,,,,,,,,,,,,,,,,,,,,,,,,,,,,,,,,,,,,,,,,,,,,,,,,,,,,,,,,,,,,,,,,,,,,,,,,,,,,,,,,,,,,,,,,,,,,,,,,,,,,,,,,,44.0,20.0,33,8.0,50.0,8.0,2.0,1.0,0.0,1.0,3.0,3.0,35,Brazil
30,Morocco,26,14,990,460.0,209.0,460.0,209.0,657.2,676.0,613.0,1279.0,460.0,172.0,133.0,460.0,215.0,62.0,41.0,98.0,76.0,87.0,12.0,74.0,46.0,170.0,78.0,42.0,106.0,145.0,80.0,26.0,19.0,11.0,5.0,115362.8,1346.2,494.0,441.2,,,,,,,,,,,,,,,,,,,,,,,,,,,,,,,,,,,,,,,,,,,,,,,,,,,,,,,,,,,,,,,,,,,,,,,,,,,,,,,,,,,,,,,,,,,,,,,,,,,,,,,,,,,,,,,47.0,11.0,33,6.0,0.0,6.0,1.0,1.0,0.0,0.0,1.0,4.0,35,Scotland
30,Scotland,26,16,990,354.0,133.0,354.0,133.0,579.9,460.0,403.0,1272.0,354.0,114.0,115.0,354.0,134.0,59.0,86.0,69.0,28.0,16.0,12.0,33.0,52.0,198.0,101.0,29.0,112.0,172.0,104.0,99.0,30.0,12.0,2.0,117750.1,1346.0,458.0,482.0,,,,,,,,,,,,,,,,,,,,,,,,,,,,,,,,,,,,,,,,,,,,,,,,,,,,,,,,,,,,,,,,,,,,,,,,,,,,,,,,,,,,,,,,,,,,,,,,,,,,,,,,,,,,,,,52.0,7.0,32,12.0,50.0,12.0,1.0,0.0,0.0,1.0,4.0,7.0,34,Morocco
31,Paraguay,26,14,990,97.0,24.0,97.0,24.0,277.29999999999995,171.0,92.0,853.0,97.0,24.0,33.0,97.0,35.0,15.0,16.0,14.0,14.0,5.0,18.0,63.0,120.0,140.0,150.0,34.0,91.0,120.0,158.0,148.0,90.0,33.0,15.0,116962.6,1265.0,451.0,472.8,,,,,,,,,,,,,,,,,,,,,,,,,,,,,,,,,,,,,,,,,,,,,,,,,,,,,,,,,,,,,,,,,,,,,,,,,,,,,,,,,,,,,,,,,,,,,,,,,,,,,,,,,,,,,,,74.0,27.0,34,34.0,100.0,34.0,7.0,3.0,0.0,4.0,5.0,22.0,36,Türkiye
31,Türkiye,26,16,990,467.0,174.0,467.0,174.0,612.6,668.0,594.0,1277.0,467.0,126.0,104.0,467.0,183.0,61.0,87.0,129.0,99.0,35.0,14.0,31.0,36.0,45.0,50.0,58.0,31.0,39.0,39.0,19.0,30.0,16.0,10.0,123336.5,1270.0,411.0,495.0,5.0,,,,,,,,,,,,,,,,,,,,,,,,,,,,,,,,,,,,,,,,,,,,,,,,,,,,,,,,,,,,,,,,,,,,,,,,,,,,,,,,,,,,,,,,,,,,,,,,,,,,,,,,,,,,,,39.0,7.0,33,7.0,50.0,7.0,1.0,0.0,0.0,1.0,1.0,5.0,35,Paraguay
32,Australia,26,16,1023,158.0,56.0,158.0,56.0,756.8,308.0,238.0,1192.0,158.0,47.0,39.0,158.0,56.0,33.0,29.0,50.0,8.0,8.0,11.0,45.0,37.0,96.0,146.0,37.0,69.0,108.0,89.0,141.0,79.0,31.0,18.0,112833.4,1374.0,505.0,470.9,3.0,,,,,,,,,,,,,,,,,,,,,,,,,,,,,,,,,,,,,,,,,,,,,,,,,,,,,,,,,,,,,,,,,,,,,,,,,,,,,,,,,,,,,,,,,,,,,,,,,,,,,,,,,,,,,,33.0,11.0,33,11.0,50.0,11.0,1.0,1.0,0.0,0.0,3.0,7.0,35,USA
32,USA,26,14,1023,347.0,127.0,347.0,127.0,734.1,531.0,465.0,1202.0,347.0,122.0,68.0,347.0,129.0,38.0,50.0,94.0,44.0,58.0,6.0,38.0,35.0,102.0,50.0,40.0,88.0,65.0,83.0,87.0,41.0,32.0,24.0,111086.3,1241.0,440.0,486.5,,,,,,,,,,,,,,,,,,,,,,,,,,,,,,,,,,,,,,,,,,,,,,,,,,,,,,,,,,,,,,,,,,,,,,,,,,,,,,,,,,,,,,,,,,,,,,,,,,,,,,,,,,,,,,,33.0,14.0,32,5.0,100.0,5.0,2.0,2.0,0.0,0.0,0.0,3.0,34,Australia
33,Côte d'Ivoire,26,16,990,263.0,96.0,263.0,96.0,565.4,449.0,387.0,1349.0,263.0,73.0,53.0,263.0,101.0,40.0,50.0,80.0,43.0,20.0,10.0,66.0,44.0,190.0,118.0,28.0,72.0,172.0,153.0,84.0,31.0,25.0,14.0,113146.4,1196.0,395.0,496.8,,,,,,,,,,,,,,,,,,,,,,,,,,,,,,,,,,,,,,,,,,,,,,,,,,,,,,,,,,,,,,,,,,,,,,,,,,,,,,,,,,,,,,,,,,,,,,,,,,,,,,,,,,,,,,,63.0,21.0,33,16.0,71.0,16.0,3.0,1.0,2.0,2.0,2.0,9.0,35,Germany
33,Germany,26,16,990,328.0,149.0,328.0,149.0,694.6,634.0,578.0,1352.0,328.0,85.0,98.0,328.0,151.0,38.0,69.0,91.0,79.0,17.0,17.0,63.0,119.0,121.0,121.0,93.0,49.0,57.0,75.0,84.0,32.0,30.0,6.0,125831.9,1561.0,556.0,502.8,,,,,,,,,,,,,,,,,,,,,,,,,,,,,,,,,,,,,,,,,,,,,,,,,,,,,,,,,,,,,,,,,,,,,,,,,,,,,,,,,,,,,,,,,,,,,,,,,,,,,,,,,,,,,,,34.0,8.0,32,9.0,50.0,9.0,1.0,1.0,0.0,0.0,1.0,7.0,34,Côte d'Ivoire
34,Curaçao,26,16,985,153.0,52.0,153.0,52.0,520.2,237.0,167.0,1096.0,153.0,34.0,65.0,153.0,59.0,33.0,15.0,33.0,12.0,13.0,10.0,49.0,110.0,163.0,119.0,45.0,62.0,132.0,209.0,116.0,54.0,28.0,17.0,106111.7,1027.0,395.0,481.5,5.0,,,,,,,,,,,,,,,,,,,,,,,,,,,,,,,,,,,,,,,,,,,,,,,,,,,,,,,,,,,,,,,,,,,,,,,,,,,,,,,,,,,,,,,,,,,,,,,,,,,,,,,,,,,,,,70.0,25.0,34,30.0,100.0,30.0,15.0,7.0,2.0,7.0,1.0,13.0,36,Ecuador
34,Ecuador,26,15,1001,474.0,186.0,474.0,186.0,500.0,663.0,601.0,1345.0,474.0,134.0,133.0,474.0,192.0,76.0,58.0,74.0,87.0,98.0,10.0,43.0,53.0,56.0,56.0,38.0,72.0,73.0,57.0,45.0,54.0,19.0,17.0,103719.4,1104.0,409.0,453.6,7.0,,,,,,,,,,,,,,,,,,,,,,,,,,,,,,,,,,,,,,,,,,,,,,,,,,,,,,,,,,,,,,,,,,,,,,,,,,,,,,,,,,,,,,,,,,,,,,,,,,,,,,,,,,,,,,33.0,4.0,33,11.0,100.0,11.0,6.0,1.0,0.0,5.0,0.0,5.0,35,Curaçao
35,Netherlands,26,15,990,314.0,104.0,314.0,104.0,581.5,447.0,398.0,1416.0,314.0,97.0,89.0,314.0,104.0,66.0,77.0,58.0,31.0,,10.0,77.0,65.0,101.0,92.0,62.0,76.0,81.0,84.0,74.0,32.0,18.0,14.0,108374.6,1156.0,455.0,469.1,,,,,,,,,,,,,,,,,,,,,,,,,,,,,,,,,,,,,,,,,,,,,,,,,,,,,,,,,,,,,,,,,,,,,,,,,,,,,,,,,,,,,,,,,,,,,,,,,,,,,,,,,,,,,,,53.0,15.0,32,16.0,88.0,16.0,8.0,3.0,0.0,5.0,3.0,5.0,34,Sweden
35,Sweden,26,15,990,333.0,106.0,333.0,106.0,576.7,438.0,377.0,1331.0,333.0,73.0,121.0,333.0,108.0,51.0,52.0,66.0,54.0,22.0,10.0,36.0,106.0,94.0,57.0,52.0,83.0,98.0,61.0,61.0,30.0,30.0,6.0,110053.0,1200.0,450.0,470.5,,,,,,,,,,,,,,,,,,,,,,,,,,,,,,,,,,,,,,,,,,,,,,,,,,,,,,,,,,,,,,,,,,,,,,,,,,,,,,,,,,,,,,,,,,,,,,,,,,,,,,,,,,,,,,,50.0,13.0,33,10.0,29.0,10.0,2.0,2.0,0.0,0.0,4.0,4.0,35,Netherlands
36,Japan,26,16,990,510.0,188.0,510.0,188.0,638.4,593.0,535.0,1428.0,510.0,149.0,128.0,510.0,188.0,60.0,110.0,117.0,72.0,62.0,7.0,33.0,73.0,96.0,122.0,36.0,89.0,66.0,102.0,60.0,23.0,20.0,2.0,112227.1,1132.0,409.0,488.1,,,,,,,,,,,,,,,,,,,,,,,,,,,,,,,,,,,,,,,,,,,,,,,,,,,,,,,,,,,,,,,,,,,,,,,,,,,,,,,,,,,,,,,,,,,,,,,,,,,,,,,,,,,,,,,28.0,4.0,33,3.0,0.0,3.0,1.0,1.0,0.0,0.0,1.0,1.0,35,Tunisia
36,Tunisia,26,14,990,320.0,95.0,320.0,95.0,606.9,376.0,305.0,1336.0,320.0,108.0,117.0,320.0,95.0,26.0,26.0,57.0,48.0,33.0,15.0,55.0,68.0,135.0,90.0,108.0,68.0,51.0,85.0,111.0,40.0,24.0,9.0,112440.0,1198.0,393.0,464.5,,,,,,,,,,,,,,,,,,,,,,,,,,,,,,,,,,,,,,,,,,,,,,,,,,,,,,,,,,,,,,,,,,,,,,,,,,,,,,,,,,,,,,,,,,,,,,,,,,,,,,,,,,,,,,,38.0,15.0,32,11.0,25.0,11.0,2.0,0.0,0.0,2.0,4.0,5.0,34,Japan
37,Cabo Verde,26,16,1023,255.0,86.0,255.0,86.0,512.2,293.0,218.0,1260.0,255.0,66.0,57.0,255.0,89.0,61.0,71.0,45.0,32.0,9.0,9.0,48.0,90.0,123.0,48.0,52.0,63.0,86.0,111.0,90.0,31.0,28.0,15.0,107360.3,1005.0,367.0,490.7,,,,,,,,,,,,,,,,,,,,,,,,,,,,,,,,,,,,,,,,,,,,,,,,,,,,,,,,,,,,,,,,,,,,,,,,,,,,,,,,,,,,,,,,,,,,,,,,,,,,,,,,,,,,,,,60.0,16.0,33,17.0,0.0,17.0,0.0,0.0,0.0,0.0,3.0,14.0,35,Uruguay
37,Uruguay,26,14,1023,381.0,109.0,381.0,109.0,500.2000000000001,517.0,444.0,1150.0,381.0,99.0,74.0,381.0,109.0,90.0,74.0,107.0,22.0,24.0,8.0,38.0,60.0,88.0,83.0,31.0,69.0,83.0,71.0,66.0,53.0,19.0,15.0,112778.3,1178.0,529.0,440.0,2.0,,,,,,,,,,,,,,,,,,,,,,,,,,,,,,,,,,,,,,,,,,,,,,,,,,,,,,,,,,,,,,,,,,,,,,,,,,,,,,,,,,,,,,,,,,,,,,,,,,,,,,,,,,,,,,39.0,7.0,32,12.0,50.0,12.0,2.0,2.0,0.0,0.0,1.0,9.0,34,Cabo Verde
38,Saudi Arabia,26,15,990,243.0,81.0,243.0,81.0,506.1,389.0,309.0,1181.0,243.0,66.0,70.0,243.0,84.0,41.0,54.0,54.0,18.0,21.0,40.0,80.0,60.0,289.0,101.0,126.0,197.0,103.0,37.0,140.0,46.0,11.0,6.0,115002.8,1511.0,515.0,479.2,,,,,,,,,,,,,,,,,,,,,,,,,,,,,,,,,,,,,,,,,,,,,,,,,,,,,,,,,,,,,,,,,,,,,,,,,,,,,,,,,,,,,,,,,,,,,,,,,,,,,,,,,,,,,,,65.0,17.0,34,23.0,62.0,23.0,6.0,1.0,0.0,5.0,5.0,12.0,36,Spain
38,Spain,26,16,990,545.0,199.0,545.0,199.0,622.3,743.0,688.0,1420.0,545.0,130.0,154.0,545.0,199.0,99.0,119.0,124.0,91.0,27.0,10.0,54.0,81.0,115.0,52.0,93.0,120.0,121.0,80.0,34.0,38.0,8.0,8.0,115525.9,1284.0,464.0,495.7,2.0,,,,,,,,,,,,,,,,,,,,,,,,,,,,,,,,,,,,,,,,,,,,,,,,,,,,,,,,,,,,,,,,,,,,,,,,,,,,,,,,,,,,,,,,,,,,,,,,,,,,,,,,,,,,,,40.0,9.0,33,3.0,100.0,3.0,2.0,2.0,0.0,0.0,0.0,1.0,35,Saudi Arabia
39,Belgium,26,16,990,512.0,188.0,512.0,188.0,663.3000000000001,637.0,562.0,1366.0,512.0,143.0,125.0,512.0,188.0,78.0,138.0,139.0,52.0,25.0,11.0,54.0,36.0,75.0,46.0,39.0,50.0,75.0,43.0,20.0,30.0,10.0,,111745.6,1239.0,409.0,472.1,,,,,,,,,,,,,,,,,,,,,,,,,,,,,,,,,,,,,,,,,,,,,,,,,,,,,,,,,,,,,,,,,,,,,,,,,,,,,,,,,,,,,,,,,,,,,,,,,,,,,,,,,,,,,,,39.0,12.0,33,7.0,100.0,7.0,2.0,0.0,1.0,2.0,0.0,4.0,35,IR Iran
39,IR Iran,26,16,990,170.0,51.0,170.0,51.0,514.4,275.0,201.0,1112.0,170.0,54.0,44.0,170.0,53.0,29.0,39.0,39.0,12.0,4.0,2.0,46.0,80.0,147.0,160.0,40.0,99.0,150.0,102.0,127.0,53.0,27.0,26.0,112577.6,1301.0,425.0,433.0,,,,,,,,,,,,,,,,,,,,,,,,,,,,,,,,,,,,,,,,,,,,,,,,,,,,,,,,,,,,,,,,,,,,,,,,,,,,,,,,,,,,,,,,,,,,,,,,,,,,,,,,,,,,,,,66.0,24.0,34,23.0,100.0,23.0,6.0,2.0,1.0,4.0,2.0,14.0,36,Belgium
40,Egypt,26,15,985,423.0,191.0,423.0,191.0,648.6,544.0,486.0,1402.0,423.0,136.0,77.0,423.0,193.0,57.0,60.0,134.0,87.0,63.0,18.0,84.0,117.0,123.0,61.0,109.0,82.0,98.0,103.0,57.0,28.0,13.0,,118321.4,1373.0,537.0,514.3,,,,,,,,,,,,,,,,,,,,,,,,,,,,,,,,,,,,,,,,,,,,,,,,,,,,,,,,,,,,,,,,,,,,,,,,,,,,,,,,,,,,,,,,,,,,,,,,,,,,,,,,,,,,,,,38.0,5.0,34,11.0,80.0,11.0,4.0,0.0,0.0,4.0,2.0,5.0,36,New Zealand
40,New Zealand,26,16,990,353.0,143.0,353.0,143.0,657.4,437.0,355.0,1199.0,353.0,116.0,99.0,353.0,143.0,45.0,63.0,75.0,82.0,16.0,37.0,48.0,62.0,156.0,76.0,46.0,87.0,108.0,107.0,65.0,20.0,15.0,15.0,118510.0,1441.0,491.0,470.6,,,,,,,,,,,,,,,,,,,,,,,,,,,,,,,,,,,,,,,,,,,,,,,,,,,,,,,,,,,,,,,,,,,,,,,,,,,,,,,,,,,,,,,,,,,,,,,,,,,,,,,,,,,,,,,62.0,18.0,33,19.0,57.0,19.0,3.0,0.0,2.0,3.0,1.0,13.0,35,Egypt
41,Norway,26,16,990,286.0,101.0,286.0,101.0,535.9,361.0,295.0,1321.0,306.0,81.0,77.0,306.0,110.0,59.0,57.0,57.0,40.0,44.0,6.0,33.0,81.0,112.0,64.0,85.0,112.0,99.0,63.0,54.0,30.0,10.0,12.0,120255.4,1413.0,505.0,481.6,7.0,16.0,20.0,8.0,,,,,,,,,,,,,,,,,,,,,,,,,,,,,,,,,,,,,,,,,,,,,,,,,,,,,,,,,,,,,,,,,,,,,,,,,,,,,,,,,,,,,,,,,,,,,,,,,,,,,,,,,,,65.0,30.0,32,16.0,50.0,16.0,3.0,2.0,0.0,1.0,3.0,10.0,34,Senegal
41,Senegal,26,16,1017,352.0,138.0,352.0,138.0,673.8,504.0,447.0,1405.0,352.0,103.0,62.0,352.0,138.0,39.0,100.0,96.0,52.0,38.0,6.0,44.0,84.0,128.0,50.0,46.0,109.0,162.0,115.0,23.0,22.0,11.0,,111216.5,1255.5,474.0,430.3,,,,,,,,,,,,,,,,,,,,,,,,,,,,,,,,,,,,,,,,,,,,,,,,,,,,,,,,,,,,,,,,,,,,,,,,,,,,,,,,,,,,,,,,,,,,,,,,,,,,,,,,,,,,,,,46.0,11.0,33,13.0,50.0,13.0,5.0,1.0,0.0,4.0,2.0,6.0,35,Norway
42,France,26,15,990,362.0,144.0,362.0,144.0,613.1,604.0,553.0,1325.0,362.0,111.0,75.0,362.0,147.0,84.0,93.0,76.0,32.0,35.0,4.0,36.0,139.0,90.0,142.0,75.0,31.0,67.0,90.0,76.0,47.0,15.0,11.0,107706.1,1110.0,372.0,471.9,2.0,,,,,,,,,,,,,,,,,,,,,,,,,,,,,,,,,,,,,,,,,,,,,,,,,,,,,,,,,,,,,,,,,,,,,,,,,,,,,,,,,,,,,,,,,,,,,,,,,,,,,,,,,,,,,,17.0,1.0,33,4.0,0.0,4.0,0.0,0.0,0.0,0.0,1.0,3.0,35,Iraq
42,Iraq,26,16,990,482.0,147.0,482.0,147.0,516.1,502.0,431.0,1302.0,482.0,159.0,120.0,482.0,147.0,51.0,125.0,64.0,104.0,6.0,13.0,88.0,116.0,97.0,112.0,50.0,47.0,159.0,115.0,43.0,15.0,,,112087.0,1185.0,354.0,477.7,,,,,,,,,,,,,,,,,,,,,,,,,,,,,,,,,,,,,,,,,,,,,,,,,,,,,,,,,,,,,,,,,,,,,,,,,,,,,,,,,,,,,,,,,,,,,,,,,,,,,,,,,,,,,,,71.0,16.0,34,19.0,40.0,19.0,3.0,1.0,0.0,2.0,3.0,13.0,36,France
43,Argentina,26,16,1012,336.0,160.0,336.0,160.0,842.5,564.0,509.0,1436.0,336.0,119.0,75.0,336.0,160.0,24.0,51.0,103.0,97.0,27.0,11.0,62.0,69.0,111.0,100.0,53.0,131.0,100.0,55.0,37.0,20.0,12.0,,104367.6,1095.2,363.0,456.5,,,,,,,,,,,,,,,,,,,,,,,,,,,,,,,,,,,,,,,,,,,,,,,,,,,,,,,,,,,,,,,,,,,,,,,,,,,,,,,,,,,,,,,,,,,,,,,,,,,,,,,,,,,,,,,36.0,9.0,32,6.0,100.0,6.0,1.0,0.0,0.0,1.0,0.0,5.0,34,Austria
43,Austria,26,16,1012,311.0,106.0,311.0,106.0,623.1,475.0,416.0,1368.0,311.0,99.0,99.0,311.0,109.0,23.0,62.0,52.0,69.0,13.0,30.0,31.0,63.0,187.0,85.0,61.0,78.0,108.0,148.0,102.0,21.0,22.0,5.0,107771.8,1116.0,400.0,481.2,,,,,,,,,,,,,,,,,,,,,,,,,,,,,,,,,,,,,,,,,,,,,,,,,,,,,,,,,,,,,,,,,,,,,,,,,,,,,,,,,,,,,,,,,,,,,,,,,,,,,,,,,,,,,,,42.0,5.0,33,13.0,50.0,13.0,3.0,0.0,0.0,3.0,5.0,5.0,35,Argentina
44,Algeria,26,16,990,468.0,157.0,468.0,157.0,610.3,661.0,590.0,1365.0,468.0,137.0,121.0,468.0,159.0,63.0,67.0,141.0,64.0,32.0,10.0,43.0,80.0,100.0,71.0,71.0,59.0,70.0,73.0,63.0,17.0,12.0,9.0,116290.0,1363.0,499.0,482.2,,,,,,,,,,,,,,,,,,,,,,,,,,,,,,,,,,,,,,,,,,,,,,,,,,,,,,,,,,,,,,,,,,,,,,,,,,,,,,,,,,,,,,,,,,,,,,,,,,,,,,,,,,,,,,,38.0,6.0,33,8.0,75.0,8.0,3.0,1.0,2.0,1.0,0.0,4.0,35,Jordan
44,Jordan,26,14,990,196.0,78.0,196.0,78.0,602.1,270.0,201.0,1196.0,196.0,52.0,56.0,196.0,79.0,29.0,28.0,37.0,38.0,34.0,6.0,66.0,60.0,180.0,129.0,87.0,138.0,102.0,138.0,123.0,52.0,36.0,11.0,117493.0,1442.0,442.0,481.9,,,,,,,,,,,,,,,,,,,,,,,,,,,,,,,,,,,,,,,,,,,,,,,,,,,,,,,,,,,,,,,,,,,,,,,,,,,,,,,,,,,,,,,,,,,,,,,,,,,,,,,,,,,,,,,46.0,16.0,32,17.0,75.0,17.0,7.0,3.0,0.0,4.0,1.0,9.0,34,Algeria
45,England,26,16,990,489.0,201.0,489.0,201.0,726.4,652.0,605.0,1404.0,489.0,162.0,106.0,489.0,201.0,53.0,97.0,119.0,94.0,59.0,16.0,51.0,48.0,44.0,48.0,54.0,27.0,20.0,19.0,15.0,12.0,2.0,2.0,108276.8,1094.0,419.0,493.6,4.0,,,,,,,,,,,,,,,,,,,,,,,,,,,,,,,,,,,,,,,,,,,,,,,,,,,,,,,,,,,,,,,,,,,,,,,,,,,,,,,,,,,,,,,,,,,,,,,,,,,,,,,,,,,,,,27.0,6.0,33,2.0,0.0,2.0,0.0,0.0,0.0,0.0,0.0,2.0,35,Ghana
45,Ghana,26,13,990,94.0,25.0,94.0,25.0,343.9,179.0,128.0,945.0,94.0,40.0,29.0,94.0,26.0,28.0,18.0,4.0,,,5.0,43.0,95.0,167.0,46.0,75.0,92.0,58.0,61.0,158.0,85.0,22.0,22.0,105859.3,1064.0,359.0,423.8,,,,,,,,,,,,,,,,,,,,,,,,,,,,,,,,,,,,,,,,,,,,,,,,,,,,,,,,,,,,,,,,,,,,,,,,,,,,,,,,,,,,,,,,,,,,,,,,,,,,,,,,,,,,,,,47.0,17.0,34,19.0,100.0,19.0,3.0,2.0,0.0,1.0,3.0,13.0,36,England
46,Croatia,26,16,1012,341.0,122.0,341.0,122.0,693.2,518.0,445.0,1227.0,341.0,93.0,53.0,341.0,146.0,71.0,104.0,107.0,23.0,12.0,10.0,32.0,81.0,107.0,100.0,90.0,80.0,96.0,92.0,66.0,29.0,13.0,5.0,110038.5,1212.0,506.0,492.3,,,,,,,,,,,,,,,,,,,,,,,,,,,,,,,,,,,,,,,,,,,,,,,,,,,,,,,,,,,,,,,,,,,,,,,,,,,,,,,,,,,,,,,,,,,,,,,,,,,,,,,,,,,,,,,42.0,13.0,33,9.0,100.0,9.0,3.0,0.0,1.0,2.0,0.0,6.0,35,Panama
46,Panama,26,15,1012,274.0,101.0,274.0,101.0,462.7,356.0,285.0,1037.0,274.0,68.0,56.0,274.0,101.0,67.0,70.0,61.0,30.0,23.0,6.0,47.0,79.0,160.0,42.0,41.0,48.0,118.0,143.0,86.0,27.0,23.0,18.0,108170.0,1212.0,432.0,453.7,5.0,,,,,,,,,,,,,,,,,,,,,,,,,,,,,,,,,,,,,,,,,,,,,,,,,,,,,,,,,,,,,,,,,,,,,,,,,,,,,,,,,,,,,,,,,,,,,,,,,,,,,,,,,,,,,,36.0,14.0,32,6.0,100.0,6.0,2.0,0.0,0.0,2.0,0.0,4.0,34,Croatia
47,Portugal,26,16,990,438.0,177.0,438.0,177.0,771.9,639.0,577.0,1384.0,438.0,110.0,148.0,438.0,177.0,81.0,78.0,105.0,75.0,18.0,13.0,34.0,58.0,74.0,128.0,59.0,58.0,28.0,33.0,63.0,40.0,26.0,22.0,110203.1,1206.0,457.0,494.1,4.0,,,,,,,,,,,,,,,,,,,,,,,,,,,,,,,,,,,,,,,,,,,,,,,,,,,,,,,,,,,,,,,,,,,,,,,,,,,,,,,,,,,,,,,,,,,,,,,,,,,,,,,,,,,,,,29.0,5.0,32,7.0,100.0,7.0,1.0,1.0,1.0,0.0,1.0,4.0,34,Uzbekistan
47,Uzbekistan,26,14,990,282.0,94.0,282.0,94.0,523.1,347.0,278.0,1243.0,282.0,90.0,100.0,282.0,95.0,30.0,63.0,66.0,22.0,5.0,9.0,66.0,91.0,83.0,183.0,93.0,122.0,106.0,105.0,96.0,39.0,13.0,9.0,109621.8,1291.0,492.0,489.5,,,,,,,,,,,,,,,,,,,,,,,,,,,,,,,,,,,,,,,,,,,,,,,,,,,,,,,,,,,,,,,,,,,,,,,,,,,,,,,,,,,,,,,,,,,,,,,,,,,,,,,,,,,,,,,46.0,13.0,33,18.0,50.0,18.0,5.0,0.0,0.0,5.0,7.0,6.0,35,Portugal
48,Colombia,26,14,1034,453.0,161.0,453.0,161.0,606.9,548.0,475.0,1143.0,453.0,168.0,60.0,453.0,161.0,86.0,125.0,84.0,54.0,37.0,19.0,49.0,41.0,80.0,99.0,24.0,35.0,61.0,65.0,85.0,48.0,21.0,15.0,103976.1,1069.0,365.0,413.2,6.0,,,,,,,,,,,,,,,,,,,,,,,,,,,,,,,,,,,,,,,,,,,,,,,,,,,,,,,,,,,,,,,,,,,,,,,,,,,,,,,,,,,,,,,,,,,,,,,,,,,,,,,,,,,,,,44.0,8.0,33,8.0,100.0,8.0,2.0,1.0,0.0,1.0,1.0,5.0,35,Congo DR
48,Congo DR,26,16,1034,268.0,87.0,268.0,87.0,600.9,315.0,236.0,1209.0,268.0,70.0,55.0,268.0,87.0,68.0,91.0,29.0,37.0,5.0,13.0,48.0,100.0,127.0,107.0,53.0,94.0,130.0,130.0,61.0,23.0,5.0,,106015.6,1158.0,394.0,467.2,,,,,,,,,,,,,,,,,,,,,,,,,,,,,,,,,,,,,,,,,,,,,,,,,,,,,,,,,,,,,,,,,,,,,,,,,,,,,,,,,,,,,,,,,,,,,,,,,,,,,,,,,,,,,,,58.0,13.0,34,20.0,89.0,20.0,8.0,1.0,0.0,7.0,1.0,11.0,36,Colombia
49,Brazil,26,16,990,383.0,166.0,383.0,166.0,716.6,615.0,571.0,1490.0,383.0,128.0,109.0,383.0,167.0,65.0,75.0,76.0,54.0,42.0,6.0,69.0,46.0,105.0,96.0,83.0,80.0,60.0,121.0,65.0,22.0,7.0,,110683.4,1090.0,344.0,455.3,,,,,,,,,,,,,,,,,,,,,,,,,,,,,,,,,,,,,,,,,,,,,,,,,,,,,,,,,,,,,,,,,,,,,,,,,,,,,,,,,,,,,,,,,,,,,,,,,,,,,,,,,,,,,,,39.0,5.0,34,14.0,100.0,14.0,5.0,3.0,0.0,2.0,1.0,8.0,36,Scotland
49,Scotland,26,14,990,357.0,163.0,357.0,163.0,596.4,521.0,467.0,1255.0,357.0,112.0,99.0,357.0,165.0,52.0,76.0,70.0,65.0,46.0,21.0,40.0,91.0,118.0,53.0,72.0,76.0,90.0,76.0,43.0,13.0,5.0,,113245.2,1090.0,343.0,478.6,,,,,,,,,,,,,,,,,,,,,,,,,,,,,,,,,,,,,,,,,,,,,,,,,,,,,,,,,,,,,,,,,,,,,,,,,,,,,,,,,,,,,,,,,,,,,,,,,,,,,,,,,,,,,,,68.0,21.0,33,21.0,62.0,21.0,4.0,1.0,1.0,3.0,3.0,13.0,35,Brazil
50,Haiti,26,16,1023,165.0,51.0,165.0,51.0,611.0,265.0,212.0,1221.0,165.0,37.0,49.0,165.0,51.0,28.0,34.0,42.0,17.0,9.0,15.0,44.0,58.0,218.0,105.0,68.0,101.0,127.0,119.0,88.0,35.0,16.0,12.0,107531.5,1229.0,444.0,490.3,,,,,,,,,,,,,,,,,,,,,,,,,,,,,,,,,,,,,,,,,,,,,,,,,,,,,,,,,,,,,,,,,,,,,,,,,,,,,,,,,,,,,,,,,,,,,,,,,,,,,,,,,,,,,,,64.0,20.0,34,24.0,64.0,24.0,9.0,3.0,0.0,6.0,4.0,11.0,36,Morocco
50,Morocco,26,16,1046,516.0,193.0,516.0,193.0,667.1,557.0,495.0,1395.0,516.0,136.0,112.0,516.0,194.0,38.0,49.0,151.0,91.0,132.0,3.0,31.0,80.0,74.0,54.0,36.0,32.0,83.0,67.0,46.0,18.0,20.0,8.0,111173.7,1264.0,524.0,460.7,,,,,,,,,,,,,,,,,,,,,,,,,,,,,,,,,,,,,,,,,,,,,,,,,,,,,,,,,,,,,,,,,,,,,,,,,,,,,,,,,,,,,,,,,,,,,,,,,,,,,,,,,,,,,,,34.0,6.0,33,10.0,50.0,10.0,2.0,1.0,0.0,1.0,1.0,7.0,35,Haiti
51,Canada,26,16,990,248.0,83.0,248.0,83.0,481.4,353.0,275.0,1215.0,248.0,63.0,106.0,248.0,87.0,50.0,38.0,39.0,18.0,17.0,7.0,34.0,94.0,169.0,74.0,77.0,99.0,106.0,91.0,65.0,46.0,32.0,25.0,114631.2,1423.0,550.0,494.8,6.0,,,,,,,,,,,,,,,,,,,,,,,,,,,,,,,,,,,,,,,,,,,,,,,,,,,,,,,,,,,,,,,,,,,,,,,,,,,,,,,,,,,,,,,,,,,,,,,,,,,,,,,,,,,,,,32.0,12.0,33,6.0,50.0,6.0,3.0,1.0,0.0,2.0,1.0,2.0,35,Switzerland
51,Switzerland,26,16,990,274.0,101.0,274.0,101.0,577.5,472.0,389.0,1189.0,274.0,76.0,111.0,274.0,103.0,61.0,37.0,62.0,3.0,25.0,6.0,34.0,64.0,92.0,97.0,49.0,72.0,90.0,52.0,69.0,35.0,21.0,16.0,109883.0,1271.0,432.0,476.8,,,,,,,,,,,,,,,,,,,,,,,,,,,,,,,,,,,,,,,,,,,,,,,,,,,,,,,,,,,,,,,,,,,,,,,,,,,,,,,,,,,,,,,,,,,,,,,,,,,,,,,,,,,,,,,69.0,9.0,32,13.0,86.0,13.0,5.0,3.0,1.0,2.0,0.0,7.0,34,Canada
52,Bosnia and Herzegovina,25,16,990,369.0,125.0,369.0,125.0,516.1,521.0,461.0,1397.0,369.0,105.0,89.0,369.0,129.0,79.0,69.0,66.0,86.0,,26.0,31.0,87.0,147.0,63.0,127.0,132.0,43.0,75.0,50.0,13.0,12.0,1.0,113846.7,1131.0,424.0,481.6,,,,,,,,,,,,,,,,,,,,,,,,,,,,,,,,,,,,,,,,,,,,,,,,,,,,,,,,,,,,,,,,,,,,,,,,,,,,,,,,,,,,,,,,,,,,,,,,,,,,,,,,,,,,,,,60.0,13.0,32,9.0,67.0,9.0,2.0,1.0,0.0,1.0,3.0,4.0,34,Qatar
52,Qatar,24,16,990,333.0,140.0,333.0,140.0,666.4,457.0,388.0,1251.0,333.0,90.0,90.0,333.0,141.0,57.0,52.0,90.0,44.0,50.0,8.0,71.0,62.0,126.0,136.0,69.0,33.0,106.0,81.0,78.0,35.0,20.0,15.0,110043.4,1309.0,406.0,444.1,5.0,,,,,,,,,,,,,,,,,,,,,,,,,,,,,,,,,,,,,,,,,,,,,,,,,,,,,,,,,,,,,,,,,,,,,,,,,,,,,,,,,,,,,,,,,,,,,,,,,,,,,,,,,,,,,,44.0,16.0,33,16.0,60.0,16.0,6.0,0.0,0.0,6.0,3.0,7.0,35,Bosnia and Herzegovina
53,Czechia,26,16,993,282.0,93.0,282.0,93.0,580.8,423.0,352.0,1357.0,282.0,79.0,64.0,282.0,93.0,73.0,53.0,43.0,33.0,30.0,22.0,29.0,101.0,94.0,84.0,43.0,55.0,49.0,124.0,57.0,20.0,19.0,1.0,111604.6,1327.0,400.0,466.0,,,,,,,,,,,,,,,,,,,,,,,,,,,,,,,,,,,,,,,,,,,,,,,,,,,,,,,,,,,,,,,,,,,,,,,,,,,,,,,,,,,,,,,,,,,,,,,,,,,,,,,,,,,,,,,53.0,14.0,32,12.0,40.0,12.0,3.0,1.0,0.0,2.0,3.0,6.0,34,Mexico
53,Mexico,26,15,1002,444.0,137.0,444.0,137.0,537.5,394.0,340.0,1316.0,444.0,128.0,112.0,444.0,137.0,54.0,66.0,77.0,88.0,56.0,17.0,57.0,78.0,113.0,87.0,34.0,76.0,164.0,124.0,59.0,22.0,15.0,8.0,114651.7,1363.0,443.0,443.9,,,,,,,,,,,,,,,,,,,,,,,,,,,,,,,,,,,,,,,,,,,,,,,,,,,,,,,,,,,,,,,,,,,,,,,,,,,,,,,,,,,,,,,,,,,,,,,,,,,,,,,,,,,,,,,49.0,17.0,33,13.0,100.0,13.0,0.0,0.0,1.0,0.0,1.0,11.0,35,Czechia
54,Korea Republic,26,16,990,434.0,167.0,434.0,167.0,676.4,718.0,657.0,1404.0,434.0,147.0,120.0,434.0,167.0,60.0,32.0,90.0,53.0,99.0,13.0,41.0,52.0,127.0,69.0,39.0,93.0,78.0,52.0,52.0,17.0,24.0,17.0,111041.6,1117.0,417.0,478.4,,,,,,,,,,,,,,,,,,,,,,,,,,,,,,,,,,,,,,,,,,,,,,,,,,,,,,,,,,,,,,,,,,,,,,,,,,,,,,,,,,,,,,,,,,,,,,,,,,,,,,,,,,,,,,,55.0,7.0,33,13.0,75.0,13.0,3.0,2.0,0.0,1.0,3.0,7.0,35,South Africa
54,South Africa,24,14,990,189.0,69.0,189.0,69.0,516.1,345.0,279.0,1064.0,189.0,53.0,64.0,189.0,70.0,33.0,53.0,29.0,16.0,10.0,3.0,45.0,88.0,184.0,91.0,77.0,105.0,176.0,79.0,75.0,55.0,17.0,9.0,111823.7,1236.0,438.0,427.6,5.0,,,,,,,,,,,,,,,,,,,,,,,,,,,,,,,,,,,,,,,,,,,,,,,,,,,,,,,,,,,,,,,,,,,,,,,,,,,,,,,,,,,,,,,,,,,,,,,,,,,,,,,,,,,,,,48.0,26.0,32,8.0,100.0,8.0,2.0,1.0,1.0,0.0,0.0,6.0,34,Korea Republic
55,Curaçao,26,14,990,227.0,76.0,227.0,76.0,548.9,369.0,312.0,1329.0,227.0,67.0,64.0,227.0,84.0,34.0,43.0,51.0,26.0,18.0,14.0,41.0,95.0,157.0,86.0,49.0,33.0,101.0,159.0,128.0,33.0,14.0,10.0,106169.2,1051.0,424.0,456.9,,,,,,,,,,,,,,,,,,,,,,,,,,,,,,,,,,,,,,,,,,,,,,,,,,,,,,,,,,,,,,,,,,,,,,,,,,,,,,,,,,,,,,,,,,,,,,,,,,,,,,,,,,,,,,,25.0,9.0,32,7.0,33.0,7.0,1.0,0.0,0.0,1.0,1.0,5.0,34,Côte d'Ivoire
55,Côte d'Ivoire,26,16,990,250.0,84.0,250.0,84.0,498.9,644.0,574.0,1422.0,250.0,73.0,50.0,250.0,100.0,60.0,49.0,40.0,43.0,19.0,14.0,43.0,69.0,99.0,78.0,39.0,39.0,50.0,103.0,42.0,28.0,20.0,,106423.6,1093.0,425.0,490.1,,,,,,,,,,,,,,,,,,,,,,,,,,,,,,,,,,,,,,,,,,,,,,,,,,,,,,,,,,,,,,,,,,,,,,,,,,,,,,,,,,,,,,,,,,,,,,,,,,,,,,,,,,,,,,,46.0,15.0,33,12.0,100.0,12.0,3.0,0.0,0.0,3.0,1.0,8.0,35,Curaçao
56,Ecuador,26,16,990,252.0,103.0,252.0,103.0,638.9,389.0,325.0,1274.0,252.0,78.0,60.0,252.0,103.0,36.0,36.0,56.0,61.0,28.0,3.0,43.0,73.0,124.0,140.0,23.0,48.0,137.0,196.0,150.0,63.0,37.0,23.0,109833.4,1183.5,474.0,428.0,3.0,,,,,,,,,,,,,,,,,,,,,,,,,,,,,,,,,,,,,,,,,,,,,,,,,,,,,,,,,,,,,,,,,,,,,,,,,,,,,,,,,,,,,,,,,,,,,,,,,,,,,,,,,,,,,,37.0,15.0,32,11.0,67.0,11.0,2.0,2.0,0.0,0.0,2.0,7.0,34,Germany
56,Germany,26,16,990,340.0,123.0,340.0,123.0,533.2,612.0,537.0,1353.0,340.0,112.0,94.0,340.0,125.0,32.0,52.0,59.0,59.0,55.0,18.0,49.0,44.0,107.0,95.0,32.0,89.0,142.0,91.0,37.0,30.0,18.0,4.0,114510.1,1395.0,471.0,479.0,,,,,,,,,,,,,,,,,,,,,,,,,,,,,,,,,,,,,,,,,,,,,,,,,,,,,,,,,,,,,,,,,,,,,,,,,,,,,,,,,,,,,,,,,,,,,,,,,,,,,,,,,,,,,,,60.0,14.0,33,7.0,33.0,7.0,1.0,0.0,0.0,1.0,2.0,4.0,35,Ecuador
57,Japan,26,16,990,320.0,98.0,320.0,98.0,504.0,454.0,381.0,1348.0,320.0,84.0,81.0,320.0,101.0,35.0,113.0,45.0,54.0,6.0,39.0,48.0,86.0,88.0,68.0,79.0,79.0,51.0,47.0,41.0,35.0,21.0,5.0,110235.5,1218.3,438.0,449.1,,,,,,,,,,,,,,,,,,,,,,,,,,,,,,,,,,,,,,,,,,,,,,,,,,,,,,,,,,,,,,,,,,,,,,,,,,,,,,,,,,,,,,,,,,,,,,,,,,,,,,,,,,,,,,,43.0,15.0,32,11.0,80.0,11.0,5.0,1.0,0.0,4.0,1.0,5.0,34,Sweden
57,Sweden,26,16,990,232.0,79.0,232.0,79.0,587.2,410.0,330.0,1292.0,232.0,63.0,57.0,232.0,79.0,42.0,54.0,39.0,39.0,17.0,32.0,38.0,78.0,96.0,44.0,51.0,82.0,110.0,117.0,42.0,19.0,8.0,,111133.1,1118.0,425.0,476.9,,,,,,,,,,,,,,,,,,,,,,,,,,,,,,,,,,,,,,,,,,,,,,,,,,,,,,,,,,,,,,,,,,,,,,,,,,,,,,,,,,,,,,,,,,,,,,,,,,,,,,,,,,,,,,,58.0,25.0,33,8.0,67.0,8.0,2.0,1.0,0.0,1.0,2.0,4.0,35,Japan
58,Netherlands,26,16,990,391.0,129.0,391.0,129.0,653.1,668.0,619.0,1434.0,391.0,104.0,114.0,391.0,129.0,43.0,87.0,88.0,43.0,41.0,23.0,54.0,79.0,71.0,83.0,78.0,31.0,30.0,46.0,31.0,21.0,12.0,5.0,106813.2,1066.0,381.0,472.2,,,,,,,,,,,,,,,,,,,,,,,,,,,,,,,,,,,,,,,,,,,,,,,,,,,,,,,,,,,,,,,,,,,,,,,,,,,,,,,,,,,,,,,,,,,,,,,,,,,,,,,,,,,,,,,35.0,0.0,34,10.0,75.0,10.0,3.0,2.0,0.0,1.0,1.0,6.0,36,Tunisia
58,Tunisia,26,15,990,318.0,90.0,318.0,90.0,417.0,265.0,208.0,1173.0,318.0,66.0,84.0,318.0,98.0,67.0,65.0,75.0,39.0,12.0,10.0,36.0,62.0,271.0,49.0,53.0,97.0,145.0,116.0,69.0,22.0,11.0,7.0,111098.2,1158.0,389.0,468.6,,,,,,,,,,,,,,,,,,,,,,,,,,,,,,,,,,,,,,,,,,,,,,,,,,,,,,,,,,,,,,,,,,,,,,,,,,,,,,,,,,,,,,,,,,,,,,,,,,,,,,,,,,,,,,,54.0,17.0,33,21.0,67.0,21.0,4.0,2.0,0.0,2.0,1.0,16.0,35,Netherlands
59,Türkiye,26,14,990,275.0,98.0,275.0,98.0,607.6,456.0,353.0,1243.0,275.0,93.0,71.0,275.0,100.0,58.0,49.0,45.0,11.0,46.0,9.0,37.0,59.0,117.0,72.0,35.0,79.0,119.0,89.0,52.0,31.0,15.0,14.0,115031.0,1136.0,436.0,479.0,4.0,,,,,,,,,,,,,,,,,,,,,,,,,,,,,,,,,,,,,,,,,,,,,,,,,,,,,,,,,,,,,,,,,,,,,,,,,,,,,,,,,,,,,,,,,,,,,,,,,,,,,,,,,,,,,,64.0,17.0,33,18.0,71.0,18.0,5.0,1.0,0.0,4.0,3.0,10.0,35,USA
59,USA,26,16,990,389.0,145.0,389.0,145.0,763.5,495.0,424.0,1354.0,389.0,110.0,107.0,389.0,145.0,62.0,119.0,56.0,41.0,39.0,7.0,35.0,73.0,174.0,63.0,82.0,91.0,116.0,61.0,71.0,43.0,18.0,20.0,127617.3,1700.0,556.0,493.3,,,,,,,,,,,,,,,,,,,,,,,,,,,,,,,,,,,,,,,,,,,,,,,,,,,,,,,,,,,,,,,,,,,,,,,,,,,,,,,,,,,,,,,,,,,,,,,,,,,,,,,,,,,,,,,48.0,11.0,34,9.0,0.0,9.0,0.0,0.0,0.0,0.0,3.0,6.0,36,Türkiye
60,Australia,26,14,990,307.0,114.0,307.0,114.0,506.6,526.0,447.0,1083.0,307.0,100.0,79.0,307.0,116.0,38.0,50.0,52.0,77.0,25.0,13.0,35.0,62.0,130.0,42.0,42.0,69.0,62.0,149.0,93.0,42.0,47.0,5.0,116449.1,1388.8,440.0,378.5,,,,,,,,,,,,,,,,,,,,,,,,,,,,,,,,,,,,,,,,,,,,,,,,,,,,,,,,,,,,,,,,,,,,,,,,,,,,,,,,,,,,,,,,,,,,,,,,,,,,,,,,,,,,,,,35.0,9.0,33,7.0,100.0,7.0,2.0,1.0,1.0,0.0,0.0,5.0,35,Paraguay
60,Paraguay,25,14,990,233.0,81.0,233.0,81.0,503.2000000000001,418.0,345.0,1291.0,233.0,80.0,45.0,233.0,88.0,42.0,58.0,35.0,54.0,,22.0,44.0,91.0,188.0,141.0,38.0,47.0,98.0,94.0,111.0,54.0,17.0,8.0,113065.5,1309.4,435.0,417.4,,,,,,,,,,,,,,,,,,,,,,,,,,,,,,,,,,,,,,,,,,,,,,,,,,,,,,,,,,,,,,,,,,,,,,,,,,,,,,,,,,,,,,,,,,,,,,,,,,,,,,,,,,,,,,,32.0,9.0,32,12.0,100.0,12.0,5.0,3.0,1.0,2.0,1.0,5.0,34,Australia
61,France,26,16,990,284.0,98.0,284.0,98.0,570.1,509.0,461.0,1268.0,284.0,93.0,70.0,284.0,112.0,33.0,25.0,92.0,44.0,62.0,6.0,37.0,59.0,146.0,44.0,59.0,57.0,66.0,104.0,63.0,26.0,26.0,10.0,101827.6,1064.0,382.0,452.3,23.0,7.0,23.0,13.0,2.0,1.0,9.0,4.0,13.0,,3.0,21.0,11.0,1.0,1.0,,,,,,,,,,,,,,,,,,,,,,,,,,,,,,,,,,,,,,,,,,,,,,,,,,,,,,,,,,,,,,,,,,,,,,,,,,,,,,,,,,,,,,,,,,,,,,,,36.0,7.0,34,10.0,75.0,10.0,3.0,1.0,0.0,2.0,1.0,6.0,36,Norway
61,Norway,26,16,990,353.0,116.0,353.0,116.0,425.5,449.0,367.0,1231.0,366.0,129.0,103.0,366.0,121.0,31.0,47.0,89.0,43.0,43.0,11.0,54.0,132.0,104.0,108.0,55.0,76.0,139.0,136.0,69.0,26.0,5.0,,113526.4,1288.5,440.0,470.8,,16.0,13.0,3.0,,,,,,,,,,,,,,,,,,,,,,,,,,,,,,,,,,,,,,,,,,,,,,,,,,,,,,,,,,,,,,,,,,,,,,,,,,,,,,,,,,,,,,,,,,,,,,,,,,,,,,,,,,,53.0,17.0,33,18.0,56.0,18.0,5.0,2.0,0.0,3.0,6.0,7.0,35,France
62,Iraq,26,16,1035,163.0,60.0,163.0,60.0,718.8,280.0,200.0,1083.0,163.0,59.0,30.0,163.0,61.0,37.0,35.0,35.0,27.0,,9.0,58.0,60.0,115.0,91.0,36.0,103.0,94.0,117.0,98.0,40.0,26.0,3.0,104685.3,1148.0,386.0,445.5,,,,,,,,,,,,,,,,,,,,,,,,,,,,,,,,,,,,,,,,,,,,,,,,,,,,,,,,,,,,,,,,,,,,,,,,,,,,,,,,,,,,,,,,,,,,,,,,,,,,,,,,,,,,,,,74.0,24.0,34,29.0,64.0,29.0,7.0,3.0,0.0,4.0,6.0,16.0,36,Senegal
62,Senegal,26,16,990,364.0,130.0,364.0,130.0,654.7,585.0,523.0,1428.0,364.0,91.0,77.0,364.0,130.0,76.0,94.0,72.0,41.0,43.0,15.0,39.0,67.0,80.0,54.0,44.0,46.0,72.0,69.0,81.0,34.0,15.0,6.0,111899.4,1164.0,459.0,479.1,,,,,,,,,,,,,,,,,,,,,,,,,,,,,,,,,,,,,,,,,,,,,,,,,,,,,,,,,,,,,,,,,,,,,,,,,,,,,,,,,,,,,,,,,,,,,,,,,,,,,,,,,,,,,,,36.0,5.0,33,6.0,100.0,6.0,1.0,0.0,1.0,0.0,0.0,5.0,35,Iraq
63,Egypt,26,16,1034,387.0,168.0,387.0,168.0,746.6,588.0,525.0,1359.0,387.0,128.0,102.0,387.0,172.0,57.0,58.0,75.0,73.0,62.0,21.0,32.0,94.0,98.0,37.0,53.0,55.0,61.0,80.0,35.0,37.0,19.0,,117166.0,1400.0,485.0,483.7,,,,,,,,,,,,,,,,,,,,,,,,,,,,,,,,,,,,,,,,,,,,,,,,,,,,,,,,,,,,,,,,,,,,,,,,,,,,,,,,,,,,,,,,,,,,,,,,,,,,,,,,,,,,,,,43.0,4.0,32,13.0,67.0,13.0,2.0,0.0,0.0,2.0,2.0,9.0,34,IR Iran
63,IR Iran,26,13,1034,236.0,70.0,236.0,70.0,458.0,360.0,281.0,1006.0,236.0,60.0,45.0,236.0,70.0,34.0,77.0,50.0,30.0,10.0,7.0,49.0,30.0,131.0,144.0,37.0,37.0,71.0,225.0,171.0,56.0,34.0,15.0,118769.3,1447.5,472.0,392.3,,,,,,,,,,,,,,,,,,,,,,,,,,,,,,,,,,,,,,,,,,,,,,,,,,,,,,,,,,,,,,,,,,,,,,,,,,,,,,,,,,,,,,,,,,,,,,,,,,,,,,,,,,,,,,,54.0,19.0,33,15.0,67.0,15.0,3.0,3.0,0.0,0.0,1.0,11.0,35,Egypt
64,Belgium,25,15,972,445.0,156.0,445.0,156.0,640.4,530.0,475.0,1438.0,445.0,139.0,94.0,445.0,156.0,66.0,63.0,98.0,72.0,69.0,8.0,44.0,83.0,152.0,83.0,89.0,109.0,88.0,80.0,83.0,28.0,17.0,12.0,119849.9,1444.0,536.0,495.0,,,,,,,,,,,,,,,,,,,,,,,,,,,,,,,,,,,,,,,,,,,,,,,,,,,,,,,,,,,,,,,,,,,,,,,,,,,,,,,,,,,,,,,,,,,,,,,,,,,,,,,,,,,,,,,48.0,15.0,35,6.0,50.0,6.0,1.0,0.0,0.0,1.0,1.0,4.0,37,New Zealand
64,New Zealand,26,16,990,313.0,114.0,313.0,114.0,610.1,450.0,379.0,1313.0,313.0,109.0,88.0,313.0,118.0,57.0,61.0,67.0,17.0,28.0,9.0,52.0,97.0,172.0,95.0,69.0,42.0,92.0,90.0,122.0,53.0,22.0,24.0,117628.2,1517.0,526.0,459.1,,,,,,,,,,,,,,,,,,,,,,,,,,,,,,,,,,,,,,,,,,,,,,,,,,,,,,,,,,,,,,,,,,,,,,,,,,,,,,,,,,,,,,,,,,,,,,,,,,,,,,,,,,,,,,,72.0,11.0,34,35.0,50.0,35.0,4.0,0.0,1.0,4.0,9.0,21.0,36,Belgium
65,Cabo Verde,25,15,1023,373.0,120.0,373.0,120.0,617.5,465.0,402.0,1360.0,373.0,82.0,90.0,373.0,120.0,80.0,83.0,83.0,47.0,28.0,17.0,58.0,44.0,95.0,71.0,39.0,64.0,82.0,88.0,75.0,57.0,27.0,6.0,115460.5,1325.2,495.0,455.8,,,,,,,,,,,,,,,,,,,,,,,,,,,,,,,,,,,,,,,,,,,,,,,,,,,,,,,,,,,,,,,,,,,,,,,,,,,,,,,,,,,,,,,,,,,,,,,,,,,,,,,,,,,,,,,51.0,23.0,32,7.0,100.0,7.0,2.0,1.0,1.0,1.0,0.0,4.0,34,Saudi Arabia
65,Saudi Arabia,26,16,1023,263.0,105.0,263.0,105.0,633.9,455.0,370.0,1284.0,263.0,80.0,73.0,263.0,105.0,26.0,74.0,61.0,54.0,,8.0,43.0,70.0,118.0,135.0,69.0,69.0,142.0,96.0,129.0,64.0,32.0,23.0,113944.1,1397.0,546.0,468.5,,,,,,,,,,,,,,,,,,,,,,,,,,,,,,,,,,,,,,,,,,,,,,,,,,,,,,,,,,,,,,,,,,,,,,,,,,,,,,,,,,,,,,,,,,,,,,,,,,,,,,,,,,,,,,,44.0,6.0,33,15.0,100.0,15.0,3.0,1.0,0.0,2.0,1.0,11.0,35,Cabo Verde
66,Spain,26,16,1034,408.0,159.0,408.0,159.0,622.3,637.0,570.0,1366.0,408.0,112.0,138.0,408.0,159.0,63.0,54.0,75.0,84.0,41.0,21.0,47.0,64.0,112.0,87.0,48.0,62.0,65.0,69.0,50.0,25.0,17.0,4.0,111168.3,1262.0,401.0,476.7,,,,,,,,,,,,,,,,,,,,,,,,,,,,,,,,,,,,,,,,,,,,,,,,,,,,,,,,,,,,,,,,,,,,,,,,,,,,,,,,,,,,,,,,,,,,,,,,,,,,,,,,,,,,,,,64.0,13.0,33,7.0,100.0,7.0,2.0,1.0,1.0,1.0,1.0,3.0,35,Uruguay
66,Uruguay,26,15,1034,263.0,71.0,263.0,71.0,444.6,305.0,241.0,1124.0,263.0,49.0,68.0,263.0,74.0,58.0,50.0,70.0,34.0,5.0,4.0,43.0,45.0,240.0,142.0,53.0,133.0,272.0,165.0,140.0,50.0,22.0,9.0,113757.6,1306.0,503.0,438.9,,,,,,,,,,,,,,,,,,,,,,,,,,,,,,,,,,,,,,,,,,,,,,,,,,,,,,,,,,,,,,,,,,,,,,,,,,,,,,,,,,,,,,,,,,,,,,,,,,,,,,,,,,,,,,,46.0,22.0,32,7.0,0.0,7.0,1.0,0.0,0.0,1.0,2.0,4.0,34,Spain
67,England,26,16,990,481.0,190.0,481.0,190.0,659.5,562.0,500.0,1357.0,481.0,140.0,133.0,481.0,190.0,91.0,111.0,103.0,67.0,26.0,14.0,37.0,99.0,100.0,64.0,39.0,51.0,57.0,105.0,93.0,48.0,20.0,14.0,115205.4,1345.3,576.0,479.1,2.0,,,,,,,,,,,,,,,,,,,,,,,,,,,,,,,,,,,,,,,,,,,,,,,,,,,,,,,,,,,,,,,,,,,,,,,,,,,,,,,,,,,,,,,,,,,,,,,,,,,,,,,,,,,,,,46.0,12.0,33,13.0,100.0,13.0,2.0,1.0,0.0,1.0,1.0,10.0,35,Panama
67,Panama,26,16,990,191.0,55.0,191.0,55.0,494.5,306.0,231.0,1216.0,191.0,47.0,67.0,191.0,56.0,54.0,36.0,36.0,6.0,,14.0,41.0,96.0,146.0,83.0,83.0,77.0,153.0,97.0,73.0,28.0,7.0,1.0,111267.3,1239.0,487.0,492.2,,,,,,,,,,,,,,,,,,,,,,,,,,,,,,,,,,,,,,,,,,,,,,,,,,,,,,,,,,,,,,,,,,,,,,,,,,,,,,,,,,,,,,,,,,,,,,,,,,,,,,,,,,,,,,,65.0,24.0,32,17.0,67.0,17.0,5.0,1.0,1.0,4.0,4.0,7.0,34,England
68,Croatia,26,15,1034,317.0,125.0,317.0,125.0,637.3,538.0,487.0,1307.0,317.0,82.0,84.0,317.0,126.0,62.0,47.0,59.0,48.0,60.0,7.0,35.0,55.0,81.0,73.0,38.0,46.0,106.0,60.0,59.0,41.0,10.0,9.0,110467.3,1143.0,385.0,451.9,7.0,,,,,,,,,,,,,,,,,,,,,,,,,,,,,,,,,,,,,,,,,,,,,,,,,,,,,,,,,,,,,,,,,,,,,,,,,,,,,,,,,,,,,,,,,,,,,,,,,,,,,,,,,,,,,,36.0,8.0,32,6.0,0.0,6.0,0.0,0.0,0.0,0.0,3.0,3.0,34,Ghana
68,Ghana,26,16,1034,257.0,71.0,257.0,71.0,563.0,466.0,411.0,1381.0,257.0,85.0,65.0,257.0,76.0,63.0,39.0,49.0,18.0,9.0,14.0,44.0,99.0,160.0,49.0,77.0,145.0,93.0,84.0,40.0,27.0,12.0,2.0,106395.5,1097.5,416.0,451.6,,,,,,,,,,,,,,,,,,,,,,,,,,,,,,,,,,,,,,,,,,,,,,,,,,,,,,,,,,,,,,,,,,,,,,,,,,,,,,,,,,,,,,,,,,,,,,,,,,,,,,,,,,,,,,,36.0,3.0,33,8.0,50.0,8.0,2.0,1.0,0.0,1.0,3.0,3.0,35,Croatia
69,Algeria,26,14,990,292.0,106.0,292.0,106.0,600.4,775.0,723.0,1272.0,292.0,92.0,78.0,292.0,107.0,22.0,78.0,44.0,73.0,11.0,15.0,66.0,71.0,79.0,91.0,67.0,95.0,57.0,16.0,41.0,20.0,5.0,5.0,105201.1,977.0,327.0,407.3,,,,,,,,,,,,,,,,,,,,,,,,,,,,,,,,,,,,,,,,,,,,,,,,,,,,,,,,,,,,,,,,,,,,,,,,,,,,,,,,,,,,,,,,,,,,,,,,,,,,,,,,,,,,,,,38.0,8.0,32,10.0,0.0,10.0,1.0,0.0,0.0,1.0,2.0,7.0,34,Austria
69,Austria,26,15,990,196.0,75.0,196.0,75.0,622.3,405.0,355.0,1398.0,196.0,73.0,55.0,196.0,75.0,45.0,28.0,43.0,17.0,10.0,12.0,30.0,53.0,229.0,58.0,105.0,129.0,106.0,138.0,59.0,14.0,11.0,,113285.4,1052.0,314.0,447.0,,,,,,,,,,,,,,,,,,,,,,,,,,,,,,,,,,,,,,,,,,,,,,,,,,,,,,,,,,,,,,,,,,,,,,,,,,,,,,,,,,,,,,,,,,,,,,,,,,,,,,,,,,,,,,,36.0,5.0,33,12.0,40.0,12.0,1.0,1.0,1.0,0.0,5.0,5.0,35,Algeria
70,Argentina,26,16,1034,528.0,242.0,528.0,242.0,702.0,825.0,764.0,1364.0,528.0,191.0,132.0,528.0,242.0,33.0,82.0,173.0,125.0,34.0,15.0,31.0,72.0,80.0,71.0,84.0,78.0,47.0,43.0,15.0,16.0,10.0,4.0,105900.5,1178.0,365.0,468.8,,,,,,,,,,,,,,,,,,,,,,,,,,,,,,,,,,,,,,,,,,,,,,,,,,,,,,,,,,,,,,,,,,,,,,,,,,,,,,,,,,,,,,,,,,,,,,,,,,,,,,,,,,,,,,,26.0,3.0,33,5.0,0.0,5.0,1.0,0.0,0.0,1.0,0.0,4.0,35,Jordan
70,Jordan,26,16,1034,250.0,68.0,250.0,68.0,420.1,300.0,239.0,1334.0,250.0,62.0,70.0,250.0,74.0,35.0,43.0,62.0,35.0,11.0,10.0,137.0,89.0,208.0,290.0,44.0,208.0,165.0,57.0,70.0,46.0,11.0,9.0,110610.6,1290.0,393.0,469.4,4.0,,,,,,,,,,,,,,,,,,,,,,,,,,,,,,,,,,,,,,,,,,,,,,,,,,,,,,,,,,,,,,,,,,,,,,,,,,,,,,,,,,,,,,,,,,,,,,,,,,,,,,,,,,,,,,34.0,5.0,32,13.0,25.0,13.0,1.0,0.0,0.0,1.0,3.0,9.0,34,Argentina
71,Colombia,26,16,990,394.0,144.0,394.0,144.0,619.6,549.0,492.0,1308.0,394.0,119.0,104.0,394.0,144.0,40.0,65.0,83.0,62.0,65.0,15.0,48.0,85.0,134.0,67.0,50.0,71.0,83.0,60.0,34.0,14.0,11.0,4.0,102982.3,1050.0,396.0,488.5,,,,,,,,,,,,,,,,,,,,,,,,,,,,,,,,,,,,,,,,,,,,,,,,,,,,,,,,,,,,,,,,,,,,,,,,,,,,,,,,,,,,,,,,,,,,,,,,,,,,,,,,,,,,,,,53.0,10.0,33,13.0,100.0,13.0,2.0,1.0,0.0,1.0,3.0,8.0,35,Portugal
71,Portugal,26,15,990,281.0,99.0,281.0,99.0,682.0,456.0,421.0,1488.0,281.0,72.0,64.0,281.0,100.0,20.0,36.0,87.0,37.0,64.0,12.0,66.0,67.0,168.0,126.0,72.0,83.0,129.0,105.0,35.0,13.0,6.0,9.0,104039.7,983.0,340.0,486.7,,,,,,,,,,,,,,,,,,,,,,,,,,,,,,,,,,,,,,,,,,,,,,,,,,,,,,,,,,,,,,,,,,,,,,,,,,,,,,,,,,,,,,,,,,,,,,,,,,,,,,,,,,,,,,,54.0,6.0,34,26.0,100.0,26.0,6.0,2.0,0.0,4.0,1.0,19.0,36,Colombia
72,Congo DR,26,16,990,404.0,135.0,404.0,135.0,612.1,495.0,419.0,1300.0,404.0,134.0,100.0,404.0,135.0,60.0,94.0,72.0,46.0,33.0,28.0,72.0,43.0,81.0,45.0,88.0,110.0,72.0,76.0,26.0,24.0,16.0,,115070.4,1263.0,479.0,479.0,,,,,,,,,,,,,,,,,,,,,,,,,,,,,,,,,,,,,,,,,,,,,,,,,,,,,,,,,,,,,,,,,,,,,,,,,,,,,,,,,,,,,,,,,,,,,,,,,,,,,,,,,,,,,,,41.0,8.0,33,4.0,0.0,4.0,1.0,0.0,0.0,1.0,0.0,3.0,35,Uzbekistan
72,Uzbekistan,26,16,990,230.0,73.0,230.0,73.0,634.1,378.0,283.0,1230.0,230.0,67.0,75.0,230.0,73.0,58.0,50.0,25.0,12.0,16.0,8.0,38.0,50.0,153.0,171.0,35.0,77.0,130.0,101.0,144.0,62.0,33.0,12.0,115799.9,1284.0,474.0,468.6,,,,,,,,,,,,,,,,,,,,,,,,,,,,,,,,,,,,,,,,,,,,,,,,,,,,,,,,,,,,,,,,,,,,,,,,,,,,,,,,,,,,,,,,,,,,,,,,,,,,,,,,,,,,,,,54.0,16.0,34,19.0,25.0,19.0,1.0,0.0,0.0,1.0,4.0,14.0,36,Congo DR
73,Canada,26,16,990,253.0,108.0,253.0,108.0,706.7,390.0,314.0,1255.0,253.0,72.0,74.0,253.0,110.0,62.0,59.0,32.0,26.0,36.0,11.0,52.0,101.0,216.0,53.0,71.0,169.0,139.0,92.0,78.0,33.0,28.0,10.0,117040.0,1526.0,606.0,495.2,,,,,,,,,,,,,,,,,,,,,,,,,,,,,,,,,,,,,,,,,,,,,,,,,,,,,,,,,,,,,,,,,,,,,,,,,,,,,,,,,,,,,,,,,,,,,,,,,,,,,,,,,,,,,,,40.0,8.0,33,6.0,100.0,6.0,2.0,1.0,0.0,1.0,0.0,4.0,35,South Africa
73,South Africa,25,14,990,304.0,99.0,304.0,99.0,422.4,575.0,486.0,1170.0,304.0,86.0,89.0,304.0,100.0,43.0,62.0,53.0,59.0,11.0,16.0,40.0,50.0,74.0,117.0,30.0,77.0,131.0,81.0,76.0,25.0,24.0,7.0,108178.1,1315.0,523.0,438.2,,,,,,,,,,,,,,,,,,,,,,,,,,,,,,,,,,,,,,,,,,,,,,,,,,,,,,,,,,,,,,,,,,,,,,,,,,,,,,,,,,,,,,,,,,,,,,,,,,,,,,,,,,,,,,,98.0,16.0,32,12.0,83.0,12.0,5.0,2.0,0.0,3.0,3.0,4.0,34,Canada
74,Germany,26,17,1287,478.0,193.0,478.0,193.0,662.2,834.0,752.0,1472.0,478.0,144.0,83.0,478.0,193.0,61.0,75.0,159.0,84.0,65.0,10.0,47.0,76.0,84.0,60.0,46.0,64.0,91.0,87.0,48.0,22.0,12.0,3.0,152368.7,1640.0,472.0,530.1,,,,,,,,,,,,,,,,,,,,,,,,,,,,,,,,,,,,,,,,,,,,,,,,,,,,,,,,,,,,,,,,,,,,,,,,,,,,,,,,,,,,,,,,,,,,,,,,,,,,,,,,,,,,,,,46.0,7.0,33,7.0,67.0,7.0,4.0,2.0,0.0,2.0,0.0,3.0,35,Paraguay
74,Paraguay,25,16,1287,131.0,47.0,131.0,47.0,516.7,264.0,166.0,1108.0,131.0,35.0,58.0,131.0,48.0,18.0,24.0,13.0,14.0,16.0,5.0,73.0,56.0,175.0,208.0,29.0,107.0,104.0,172.0,198.0,92.0,55.0,35.0,143814.4,1330.0,454.0,506.3,7.0,,,,,,,,,,,,,,,,,,,,,,,,,,,,,,,,,,,,,,,,,,,,,,,,,,,,,,,,,,,,,,,,,,,,,,,,,,,,,,,,,,,,,,,,,,,,,,,,,,,,,,,,,,,,,,76.0,38.0,34,22.0,83.0,22.0,7.0,5.0,0.0,2.0,1.0,14.0,36,Germany
75,Morocco,26,16,1243,464.0,151.0,464.0,151.0,485.7,891.0,813.0,1417.0,464.0,167.0,90.0,464.0,154.0,62.0,92.0,112.0,75.0,17.0,7.0,48.0,109.0,99.0,112.0,88.0,68.0,44.0,41.0,70.0,51.0,34.0,10.0,139466.9,1327.0,525.0,478.6,,,,,,,,,,,,,,,,,,,,,,,,,,,,,,,,,,,,,,,,,,,,,,,,,,,,,,,,,,,,,,,,,,,,,,,,,,,,,,,,,,,,,,,,,,,,,,,,,,,,,,,,,,,,,,,37.0,7.0,33,6.0,50.0,6.0,2.0,1.0,0.0,1.0,1.0,3.0,35,Netherlands
75,Netherlands,26,16,1243,192.0,58.0,192.0,58.0,350.4,395.0,307.0,1297.0,192.0,65.0,55.0,192.0,65.0,49.0,31.0,34.0,8.0,8.0,17.0,35.0,52.0,175.0,154.0,75.0,82.0,112.0,115.0,145.0,93.0,26.0,9.0,137638.2,1281.0,399.0,521.9,,,,,,,,,,,,,,,,,,,,,,,,,,,,,,,,,,,,,,,,,,,,,,,,,,,,,,,,,,,,,,,,,,,,,,,,,,,,,,,,,,,,,,,,,,,,,,,,,,,,,,,,,,,,,,,46.0,19.0,32,12.0,80.0,12.0,5.0,1.0,0.0,4.0,2.0,5.0,34,Morocco
76,Brazil,26,13,990,487.0,170.0,487.0,170.0,511.7,715.0,653.0,1231.0,487.0,185.0,107.0,487.0,170.0,68.0,84.0,117.0,44.0,52.0,8.0,29.0,73.0,98.0,73.0,62.0,75.0,58.0,73.0,70.0,17.0,21.0,7.0,110036.8,1188.0,390.0,449.0,,,,,,,,,,,,,,,,,,,,,,,,,,,,,,,,,,,,,,,,,,,,,,,,,,,,,,,,,,,,,,,,,,,,,,,,,,,,,,,,,,,,,,,,,,,,,,,,,,,,,,,,,,,,,,,31.0,8.0,33,5.0,50.0,5.0,1.0,1.0,0.0,0.0,1.0,3.0,35,Japan
76,Japan,26,15,990,307.0,103.0,307.0,103.0,536.8000000000001,330.0,279.0,1205.0,307.0,80.0,80.0,307.0,103.0,70.0,64.0,64.0,36.0,16.0,5.0,56.0,142.0,73.0,177.0,103.0,163.0,119.0,66.0,147.0,71.0,12.0,17.0,114882.4,1183.0,421.0,477.1,,,,,,,,,,,,,,,,,,,,,,,,,,,,,,,,,,,,,,,,,,,,,,,,,,,,,,,,,,,,,,,,,,,,,,,,,,,,,,,,,,,,,,,,,,,,,,,,,,,,,,,,,,,,,,,64.0,20.0,34,19.0,67.0,19.0,6.0,2.0,0.0,4.0,2.0,11.0,36,Brazil
77,France,26,16,990,378.0,157.0,378.0,157.0,693.1,548.0,498.0,1418.0,378.0,110.0,99.0,378.0,157.0,66.0,83.0,59.0,53.0,65.0,13.0,37.0,94.0,100.0,57.0,50.0,50.0,64.0,61.0,52.0,16.0,29.0,18.0,107680.8,1053.6,368.0,466.9,,,,,,,,,,,,,,,,,,,,,,,,,,,,,,,,,,,,,,,,,,,,,,,,,,,,,,,,,,,,,,,,,,,,,,,,,,,,,,,,,,,,,,,,,,,,,,,,,,,,,,,,,,,,,,,41.0,12.0,33,7.0,100.0,7.0,4.0,2.0,0.0,2.0,0.0,3.0,35,Sweden
77,Sweden,26,16,990,250.0,94.0,250.0,94.0,645.6,365.0,296.0,1272.0,250.0,75.0,74.0,250.0,95.0,46.0,75.0,49.0,25.0,,13.0,57.0,71.0,156.0,64.0,54.0,161.0,112.0,41.0,38.0,35.0,8.0,10.0,107259.3,977.0,344.0,485.8,12.0,,,,,,,,,,,,,,,,,,,,,,,,,,,,,,,,,,,,,,,,,,,,,,,,,,,,,,,,,,,,,,,,,,,,,,,,,,,,,,,,,,,,,,,,,,,,,,,,,,,,,,,,,,,,,,59.0,18.0,34,26.0,75.0,26.0,10.0,4.0,0.0,6.0,7.0,9.0,36,France
78,Côte d'Ivoire,26,14,990,266.0,109.0,266.0,109.0,560.2,408.0,354.0,1210.0,266.0,81.0,75.0,266.0,110.0,41.0,42.0,61.0,43.0,32.0,9.0,30.0,93.0,139.0,130.0,87.0,73.0,112.0,117.0,60.0,29.0,9.0,5.0,105776.1,1131.0,411.0,489.6,,,,,,,,,,,,,,,,,,,,,,,,,,,,,,,,,,,,,,,,,,,,,,,,,,,,,,,,,,,,,,,,,,,,,,,,,,,,,,,,,,,,,,,,,,,,,,,,,,,,,,,,,,,,,,,27.0,9.0,32,10.0,33.0,10.0,2.0,2.0,0.0,0.0,4.0,4.0,34,Norway
78,Norway,26,14,990,301.0,133.0,301.0,133.0,647.3,492.0,442.0,1212.0,309.0,84.0,65.0,309.0,136.0,49.0,54.0,91.0,47.0,55.0,6.0,54.0,46.0,96.0,83.0,31.0,73.0,97.0,80.0,65.0,27.0,13.0,18.0,114455.8,1263.0,463.0,437.1,,16.0,8.0,3.0,,,,,,,,,,,,,,,,,,,,,,,,,,,,,,,,,,,,,,,,,,,,,,,,,,,,,,,,,,,,,,,,,,,,,,,,,,,,,,,,,,,,,,,,,,,,,,,,,,,,,,,,,,,55.0,18.0,33,14.0,80.0,14.0,4.0,1.0,1.0,2.0,3.0,7.0,35,Côte d'Ivoire
79,Ecuador,26,16,1089,243.0,85.0,243.0,85.0,653.8,420.0,353.0,1305.0,243.0,82.0,56.0,243.0,85.0,45.0,56.0,41.0,35.0,13.0,7.0,33.0,49.0,86.0,98.0,73.0,56.0,52.0,69.0,60.0,48.0,12.0,13.0,105009.9,1103.0,456.0,492.6,4.0,,,,,,,,,,,,,,,,,,,,,,,,,,,,,,,,,,,,,,,,,,,,,,,,,,,,,,,,,,,,,,,,,,,,,,,,,,,,,,,,,,,,,,,,,,,,,,,,,,,,,,,,,,,,,,40.0,14.0,33,15.0,33.0,15.0,1.0,0.0,0.0,1.0,6.0,8.0,35,Mexico
79,Mexico,26,16,1089,275.0,95.0,275.0,95.0,536.8,317.0,259.0,1300.0,275.0,64.0,100.0,275.0,96.0,34.0,32.0,69.0,28.0,43.0,12.0,40.0,56.0,105.0,92.0,47.0,34.0,60.0,84.0,92.0,45.0,21.0,11.0,113286.9,1242.0,475.0,488.7,,,,,,,,,,,,,,,,,,,,,,,,,,,,,,,,,,,,,,,,,,,,,,,,,,,,,,,,,,,,,,,,,,,,,,,,,,,,,,,,,,,,,,,,,,,,,,,,,,,,,,,,,,,,,,,48.0,21.0,32,7.0,100.0,7.0,1.0,0.0,0.0,1.0,2.0,4.0,34,Ecuador
80,Congo DR,26,16,990,312.0,114.0,312.0,114.0,524.3000000000001,392.0,326.0,1238.0,312.0,85.0,114.0,312.0,116.0,70.0,64.0,46.0,29.0,18.0,5.0,63.0,68.0,168.0,88.0,83.0,98.0,67.0,94.0,81.0,35.0,20.0,4.0,113968.6,1225.0,423.0,466.5,,,,,,,,,,,,,,,,,,,,,,,,,,,,,,,,,,,,,,,,,,,,,,,,,,,,,,,,,,,,,,,,,,,,,,,,,,,,,,,,,,,,,,,,,,,,,,,,,,,,,,,,,,,,,,,65.0,14.0,33,17.0,67.0,17.0,6.0,0.0,0.0,6.0,0.0,11.0,35,England
80,England,26,14,990,490.0,169.0,490.0,169.0,508.2,523.0,482.0,1255.0,490.0,137.0,106.0,490.0,170.0,77.0,119.0,128.0,82.0,10.0,20.0,47.0,93.0,103.0,61.0,86.0,101.0,66.0,67.0,69.0,35.0,16.0,9.0,115499.9,1250.0,459.0,466.3,,,,,,,,,,,,,,,,,,,,,,,,,,,,,,,,,,,,,,,,,,,,,,,,,,,,,,,,,,,,,,,,,,,,,,,,,,,,,,,,,,,,,,,,,,,,,,,,,,,,,,,,,,,,,,,38.0,9.0,32,7.0,50.0,7.0,2.0,1.0,0.0,1.0,3.0,2.0,34,Congo DR
81,Bosnia and Herzegovina,26,16,990,286.0,82.0,286.0,82.0,475.4,459.0,381.0,1284.0,286.0,104.0,52.0,286.0,89.0,49.0,78.0,59.0,26.0,,11.0,77.0,80.0,57.0,70.0,80.0,106.0,85.0,58.0,33.0,17.0,18.0,3.0,117128.5,1271.0,473.0,484.5,,,,,,,,,,,,,,,,,,,,,,,,,,,,,,,,,,,,,,,,,,,,,,,,,,,,,,,,,,,,,,,,,,,,,,,,,,,,,,,,,,,,,,,,,,,,,,,,,,,,,,,,,,,,,,,49.0,10.0,33,8.0,0.0,8.0,2.0,0.0,0.0,2.0,1.0,5.0,35,USA
81,USA,26,13,990,306.0,105.0,306.0,105.0,431.0,425.0,362.0,1146.0,306.0,83.0,87.0,306.0,106.0,49.0,56.0,64.0,34.0,38.0,19.0,32.0,46.0,84.0,115.0,29.0,38.0,56.0,78.0,110.0,51.0,28.0,22.0,117037.4,1387.0,480.0,428.0,4.0,,,,,,,,,,,,,,,,,,,,,,,,,,,,,,,,,,,,,,,,,,,,,,,,,,,,,,,,,,,,,,,,,,,,,,,,,,,,,,,,,,,,,,,,,,,,,,,,,,,,,,,,,,,,,,34.0,8.0,32,11.0,100.0,11.0,4.0,2.0,0.0,2.0,2.0,5.0,34,Bosnia and Herzegovina
82,Belgium,26,16,1199,517.0,178.0,517.0,178.0,704.6,695.0,607.0,1429.0,517.0,143.0,143.0,517.0,178.0,55.0,49.0,97.0,106.0,102.0,34.0,45.0,112.0,156.0,140.0,95.0,123.0,114.0,127.0,148.0,73.0,39.0,11.0,160489.0,1880.0,648.0,507.2,,,,,,,,,,,,,,,,,,,,,,,,,,,,,,,,,,,,,,,,,,,,,,,,,,,,,,,,,,,,,,,,,,,,,,,,,,,,,,,,,,,,,,,,,,,,,,,,,,,,,,,,,,,,,,,65.0,11.0,34,20.0,60.0,20.0,4.0,4.0,0.0,0.0,3.0,13.0,36,Senegal
82,Senegal,26,17,1199,420.0,164.0,420.0,164.0,675.9,638.0,555.0,1445.0,420.0,129.0,96.0,420.0,166.0,48.0,80.0,95.0,76.0,60.0,11.0,46.0,72.0,200.0,119.0,79.0,108.0,150.0,145.0,100.0,28.0,13.0,4.0,152935.9,1623.0,597.0,512.3,,,,,,,,,,,,,,,,,,,,,,,,,,,,,,,,,,,,,,,,,,,,,,,,,,,,,,,,,,,,,,,,,,,,,,,,,,,,,,,,,,,,,,,,,,,,,,,,,,,,,,,,,,,,,,,88.0,35.0,35,20.0,40.0,20.0,3.0,2.0,1.0,1.0,4.0,12.0,37,Belgium
83,Croatia,26,13,1078,300.0,110.0,300.0,110.0,524.6,388.0,330.0,1136.0,300.0,78.0,76.0,300.0,110.0,52.0,67.0,60.0,44.0,33.0,10.0,38.0,87.0,152.0,77.0,74.0,84.0,90.0,136.0,74.0,19.0,12.0,,118092.8,1277.0,446.0,429.1,,,,,,,,,,,,,,,,,,,,,,,,,,,,,,,,,,,,,,,,,,,,,,,,,,,,,,,,,,,,,,,,,,,,,,,,,,,,,,,,,,,,,,,,,,,,,,,,,,,,,,,,,,,,,,,53.0,4.0,33,15.0,33.0,15.0,1.0,0.0,0.0,1.0,3.0,11.0,35,Portugal
83,Portugal,26,16,1078,356.0,133.0,356.0,133.0,610.6,588.0,538.0,1441.0,356.0,91.0,90.0,356.0,134.0,65.0,82.0,82.0,54.0,25.0,11.0,67.0,78.0,146.0,81.0,142.0,100.0,47.0,44.0,29.0,28.0,14.0,13.0,116633.1,1253.0,450.0,488.5,6.0,,,,,,,,,,,,,,,,,,,,,,,,,,,,,,,,,,,,,,,,,,,,,,,,,,,,,,,,,,,,,,,,,,,,,,,,,,,,,,,,,,,,,,,,,,,,,,,,,,,,,,,,,,,,,,31.0,6.0,32,13.0,83.0,13.0,6.0,1.0,0.0,5.0,1.0,6.0,34,Croatia
84,Austria,26,16,990,259.0,83.0,259.0,83.0,493.2,360.0,291.0,1229.0,259.0,82.0,76.0,259.0,88.0,56.0,51.0,47.0,16.0,14.0,4.0,93.0,98.0,119.0,226.0,103.0,137.0,151.0,90.0,28.0,22.0,12.0,,110487.8,1310.0,499.0,487.1,,,,,,,,,,,,,,,,,,,,,,,,,,,,,,,,,,,,,,,,,,,,,,,,,,,,,,,,,,,,,,,,,,,,,,,,,,,,,,,,,,,,,,,,,,,,,,,,,,,,,,,,,,,,,,,70.0,5.0,34,23.0,67.0,23.0,7.0,3.0,0.0,4.0,3.0,13.0,36,Spain
84,Spain,26,14,990,492.0,196.0,492.0,196.0,653.9,643.0,589.0,1483.0,492.0,145.0,135.0,492.0,197.0,34.0,111.0,117.0,117.0,29.0,27.0,31.0,42.0,122.0,94.0,108.0,72.0,47.0,34.0,84.0,35.0,30.0,13.0,112398.9,1283.0,486.0,455.9,,,,,,,,,,,,,,,,,,,,,,,,,,,,,,,,,,,,,,,,,,,,,,,,,,,,,,,,,,,,,,,,,,,,,,,,,,,,,,,,,,,,,,,,,,,,,,,,,,,,,,,,,,,,,,,44.0,9.0,33,5.0,0.0,5.0,0.0,0.0,0.0,0.0,1.0,4.0,35,Austria
85,Algeria,26,16,990,389.0,119.0,389.0,119.0,440.3,571.0,491.0,1324.0,389.0,101.0,96.0,389.0,113.0,47.0,85.0,92.0,62.0,25.0,10.0,36.0,76.0,185.0,56.0,44.0,78.0,148.0,144.0,60.0,31.0,26.0,11.0,113155.5,1342.0,463.0,473.3,5.0,,,,0.0,0.0,0.0,0.0,0.0,0.0,0.0,0.0,0.0,0.0,0.0,,0.0,0.0,0.0,0.0,0.0,0.0,0.0,0.0,0.0,0.0,0.0,0.0,0.0,0.0,0.0,0.0,0.0,0.0,0.0,0.0,0.0,0.0,0.0,0.0,,,,,,,,,,,,,,,0.0,0.0,0.0,0.0,0.0,0.0,0.0,0.0,0.0,0.0,0.0,0.0,0.0,0.0,0.0,0.0,0.0,0.0,0.0,0.0,0.0,0.0,0.0,0.0,0.0,0.0,0.0,0.0,0.0,0.0,0.0,0.0,0.0,0.0,0.0,0.0,0.0,0.0,0.0,0.0,0.0,0.0,0.0,0.0,0.0,0.0,,0.0,0.0,0.0,0.0,0.0,0.0,0.0,0.0,,48.0,11.0,33,11.0,50.0,11.0,4.0,2.0,0.0,2.0,1.0,6.0,35,Switzerland
85,Switzerland,26,16,990,256.0,94.0,256.0,94.0,656.0,451.0,372.0,1148.0,256.0,103.0,71.0,256.0,93.0,25.0,47.0,37.0,29.0,38.0,4.0,31.0,72.0,114.0,147.0,46.0,83.0,71.0,81.0,90.0,69.0,31.0,17.0,115398.3,1398.0,441.0,482.8,7.0,,,,0.0,0.0,0.0,0.0,0.0,0.0,0.0,0.0,0.0,0.0,0.0,0.0,0.0,0.0,0.0,0.0,0.0,0.0,0.0,0.0,0.0,0.0,0.0,0.0,0.0,0.0,0.0,0.0,0.0,0.0,0.0,0.0,0.0,0.0,0.0,0.0,0.0,0.0,0.0,0.0,0.0,0.0,0.0,0.0,0.0,0.0,0.0,0.0,0.0,0.0,0.0,0.0,0.0,0.0,0.0,0.0,0.0,0.0,0.0,0.0,0.0,0.0,0.0,0.0,0.0,0.0,0.0,0.0,0.0,0.0,0.0,0.0,0.0,0.0,0.0,0.0,0.0,0.0,0.0,0.0,0.0,0.0,0.0,0.0,,0.0,0.0,0.0,0.0,0.0,0.0,0.0,0.0,0.0,0.0,0.0,0.0,0.0,0.0,0.0,0.0,0.0,0.0,0.0,0.0,0.0,55.0,19.0,32,8.0,100.0,8.0,2.0,2.0,0.0,0.0,0.0,6.0,34,Algeria
86,Argentina,26,16,1265,426.0,183.0,426.0,183.0,757.1,862.0,800.0,1442.0,426.0,146.0,94.0,426.0,183.0,51.0,88.0,80.0,96.0,54.0,9.0,49.0,112.0,121.0,82.0,108.0,122.0,107.0,66.0,70.0,31.0,21.0,11.0,140622.6,1330.0,474.0,476.2,,,,,,,,,,,,,,,,,,,,,,,,,,,,,,,,,,,,,,,,,,,,,,,,,,,,,,,,,,,,,,,,,,,,,,,,,,,,,,,,,,,,,,,,,,,,,,,,,,,,,,,,,,,,,,,50.0,6.0,33,16.0,60.0,16.0,3.0,1.0,0.0,2.0,1.0,12.0,35,Cabo Verde
86,Cabo Verde,26,17,1265,377.0,135.0,377.0,135.0,571.6,491.0,425.0,1475.0,377.0,81.0,105.0,377.0,151.0,44.0,53.0,85.0,93.0,51.0,8.0,70.0,146.0,216.0,124.0,60.0,126.0,168.0,151.0,96.0,20.0,13.0,7.0,141237.9,1359.0,474.0,521.7,,,,,,,,,,,,,,,,,,,,,,,,,,,,,,,,,,,,,,,,,,,,,,,,,,,,,,,,,,,,,,,,,,,,,,,,,,,,,,,,,,,,,,,,,,,,,,,,,,,,,,,,,,,,,,,67.0,17.0,34,23.0,73.0,23.0,7.0,2.0,1.0,5.0,3.0,12.0,36,Argentina
87,Colombia,26,14,990,420.0,156.0,420.0,156.0,675.3,598.0,540.0,1354.0,420.0,132.0,103.0,420.0,156.0,34.0,77.0,67.0,103.0,60.0,23.0,38.0,89.0,106.0,37.0,25.0,64.0,80.0,70.0,53.0,32.0,14.0,10.0,107413.7,1107.0,407.0,440.4,5.0,,,,,,,,,,,,,,,,,,,,,,,,,,,,,,,,,,,,,,,,,,,,,,,,,,,,,,,,,,,,,,,,,,,,,,,,,,,,,,,,,,,,,,,,,,,,,,,,,,,,,,,,,,,,,,49.0,4.0,33,8.0,0.0,8.0,0.0,0.0,0.0,0.0,1.0,7.0,35,Ghana
87,Ghana,26,16,990,195.0,71.0,195.0,71.0,545.2,390.0,329.0,1269.0,195.0,61.0,72.0,195.0,80.0,41.0,48.0,26.0,9.0,9.0,10.0,60.0,131.0,89.0,143.0,93.0,79.0,114.0,69.0,23.0,17.0,11.0,4.0,105550.8,1074.6,397.0,469.4,,,,,,,,,,,,,,,,,,,,,,,,,,,,,,,,,,,,,,,,,,,,,,,,,,,,,,,,,,,,,,,,,,,,,,,,,,,,,,,,,,,,,,,,,,,,,,,,,,,,,,,,,,,,,,,60.0,12.0,34,20.0,88.0,20.0,7.0,1.0,0.0,6.0,1.0,12.0,36,Colombia
88,Australia,26,17,1320,381.0,132.0,381.0,132.0,623.2,520.0,428.0,1282.0,381.0,112.0,132.0,381.0,132.0,76.0,75.0,48.0,48.0,22.0,17.0,55.0,68.0,190.0,168.0,85.0,116.0,188.0,201.0,124.0,37.0,29.0,6.0,148107.9,1694.0,524.0,490.2,,,,,,,,,,,,,,,,,,,,,,,,,,,,,,,,,,,,,,,,,,,,,,,,,,,,,,,,,,,,,,,,,,,,,,,,,,,,,,,,,,,,,,,,,,,,,,,,,,,,,,,,,,,,,,,55.0,14.0,32,16.0,75.0,16.0,3.0,0.0,1.0,2.0,3.0,10.0,34,Egypt
88,Egypt,25,15,1320,552.0,222.0,552.0,222.0,624.5,729.0,638.0,1272.0,552.0,153.0,128.0,552.0,224.0,91.0,114.0,145.0,71.0,72.0,20.0,49.0,87.0,119.0,133.0,40.0,101.0,138.0,127.0,112.0,50.0,35.0,23.0,142445.6,1540.0,489.0,482.6,,,,,,,,,,,,,,,,,,,,,,,,,,,,,,,,,,,,,,,,,,,,,,,,,,,,,,,,,,,,,,,,,,,,,,,,,,,,,,,,,,,,,,,,,,,,,,,,,,,,,,,,,,,,,,,59.0,9.0,33,17.0,100.0,17.0,1.0,1.0,0.0,0.0,1.0,15.0,35,Australia
89,France,26,13,1067,267.0,97.0,267.0,97.0,551.9,587.0,526.0,1162.0,267.0,74.0,60.0,267.0,98.0,70.0,65.0,49.0,46.0,,22.0,40.0,56.0,40.0,33.0,25.0,52.0,46.0,44.0,41.0,15.0,6.0,4.0,104833.5,986.0,319.0,407.9,,,,,,,,,,,,,,,,,,,,,,,,,,,,,,,,,,,,,,,,,,,,,,,,,,,,,,,,,,,,,,,,,,,,,,,,,,,,,,,,,,,,,,,,,,,,,,,,,,,,,,,,,,,,,,,45.0,7.0,33,5.0,0.0,5.0,1.0,1.0,0.0,0.0,0.0,4.0,35,Paraguay
89,Paraguay,26,15,1067,69.0,20.0,69.0,20.0,480.0,191.0,108.0,851.0,69.0,31.0,21.0,69.0,30.0,16.0,9.0,6.0,6.0,,10.0,49.0,77.0,141.0,102.0,49.0,69.0,121.0,104.0,44.0,43.0,18.0,5.0,104407.9,935.0,323.0,427.6,,,,,,,,,,,,,,,,,,,,,,,,,,,,,,,,,,,,,,,,,,,,,,,,,,,,,,,,,,,,,,,,,,,,,,,,,,,,,,,,,,,,,,,,,,,,,,,,,,,,,,,,,,,,,,,46.0,24.0,32,15.0,80.0,15.0,4.0,1.0,0.0,3.0,5.0,6.0,34,France
90,Canada,26,16,990,292.0,97.0,292.0,97.0,588.0,368.0,282.0,1216.0,292.0,82.0,65.0,292.0,99.0,68.0,67.0,55.0,38.0,14.0,7.0,42.0,53.0,188.0,70.0,49.0,33.0,133.0,174.0,119.0,31.0,28.0,12.0,116233.2,1407.0,528.0,498.3,,,,,,,,,,,,,,,,,,,,,,,,,,,,,,,,,,,,,,,,,,,,,,,,,,,,,,,,,,,,,,,,,,,,,,,,,,,,,,,,,,,,,,,,,,,,,,,,,,,,,,,,,,,,,,,30.0,10.0,32,5.0,25.0,5.0,1.0,1.0,0.0,0.0,3.0,1.0,34,Morocco
90,Morocco,26,15,990,215.0,62.0,215.0,62.0,413.6,455.0,386.0,1166.0,215.0,47.0,85.0,215.0,82.0,25.0,39.0,53.0,19.0,17.0,10.0,37.0,73.0,102.0,49.0,49.0,61.0,73.0,79.0,48.0,22.0,36.0,5.0,98896.0,995.0,403.0,457.5,8.0,8.0,36.0,20.0,36.0,9.0,12.0,5.0,3.0,7.0,1.0,2.0,18.0,1.0,1.0,2.0,5.0,20.0,,,,,,,,,,,,,,,,,,,,,,,,,,,,,,,,,,,,,17.0,10.0,2.0,2.0,,,,,,,,,,,,,,,,,,,,,,,,,,,,,,,,,,,,,,,,,,,,,,,,,,,,,65.0,14.0,33,10.0,100.0,10.0,3.0,0.0,0.0,3.0,0.0,7.0,35,Canada
91,Brazil,26,15,1056,297.0,111.0,297.0,111.0,543.8,347.0,298.0,1257.0,297.0,98.0,73.0,297.0,111.0,42.0,65.0,55.0,46.0,29.0,18.0,39.0,114.0,207.0,162.0,100.0,124.0,135.0,88.0,63.0,34.0,20.0,12.0,113299.3,1156.0,404.0,452.3,,,,,,,,,,,,,,,,,,,,,,,,,,,,,,,,,,,,,,,,,,,,,,,,,,,,,,,,,,,,,,,,,,,,,,,,,,,,,,,,,,,,,,,,,,,,,,,,,,,,,,,,,,,,,,,31.0,4.0,32,9.0,60.0,9.0,3.0,1.0,0.0,2.0,3.0,3.0,34,Norway
91,Norway,26,14,1056,364.0,156.0,364.0,156.0,648.6,683.0,627.0,1266.0,364.0,98.0,86.0,364.0,156.0,68.0,72.0,81.0,69.0,46.0,18.0,42.0,81.0,92.0,67.0,64.0,46.0,35.0,55.0,38.0,31.0,19.0,10.0,120495.1,1202.0,420.0,455.4,2.0,,,,,,,,,,,,,,,,,,,,,,,,,,,,,,,,,,,,,,,,,,,,,,,,,,,,,,,,,,,,,,,,,,,,,,,,,,,,,,,,,,,,,,,,,,,,,,,,,,,,,,,,,,,,,,66.0,26.0,33,15.0,75.0,15.0,4.0,0.0,0.0,4.0,2.0,9.0,35,Brazil
92,England,26,15,1078,227.0,89.0,227.0,89.0,494.8,254.0,204.0,1130.0,227.0,91.0,65.0,227.0,91.0,40.0,35.0,32.0,46.0,7.0,24.0,35.0,43.0,131.0,97.0,42.0,94.0,105.0,81.0,102.0,31.0,14.0,8.0,106741.8,1065.0,305.0,454.1,,,,,,,,,,,,,,,,,,,,,,,,,,,,,,,,,,,,,,,,,,,,,,,,,,,,,,,,,,,,,,,,,,,,,,,,,,,,,,,,,,,,,,,,,,,,,,,,,,,,,,,,,,,,,,,69.0,23.0,34,20.0,60.0,20.0,3.0,1.0,0.0,2.0,4.0,13.0,36,Mexico
92,Mexico,26,16,1078,435.0,156.0,435.0,156.0,563.7,485.0,448.0,1494.0,435.0,110.0,105.0,435.0,157.0,101.0,127.0,74.0,55.0,19.0,17.0,45.0,79.0,80.0,53.0,73.0,69.0,68.0,39.0,12.0,16.0,5.0,,112045.6,1103.0,385.0,472.8,,,,,,,,,,,,,,,,,,,,,,,,,,,,,,,,,,,,,,,,,,,,,,,,,,,,,,,,,,,,,,,,,,,,,,,,,,,,,,,,,,,,,,,,,,,,,,,,,,,,,,,,,,,,,,,31.0,5.0,33,6.0,40.0,6.0,2.0,2.0,0.0,0.0,4.0,0.0,35,England
93,Portugal,26,16,1078,315.0,110.0,315.0,110.0,589.9,459.0,378.0,1280.0,315.0,102.0,71.0,315.0,110.0,47.0,57.0,57.0,58.0,33.0,11.0,44.0,92.0,195.0,130.0,53.0,41.0,59.0,199.0,120.0,26.0,16.0,4.0,112823.6,1182.0,423.0,491.8,,,,,,,,,,,,,,,,,,,,,,,,,,,,,,,,,,,,,,,,,,,,,,,,,,,,,,,,,,,,,,,,,,,,,,,,,,,,,,,,,,,,,,,,,,,,,,,,,,,,,,,,,,,,,,,58.0,10.0,32,15.0,83.0,15.0,5.0,2.0,0.0,3.0,2.0,8.0,34,Spain
93,Spain,26,13,1065,395.0,155.0,395.0,155.0,528.5,548.0,490.0,1217.0,395.0,107.0,128.0,395.0,155.0,48.0,55.0,72.0,88.0,52.0,18.0,48.0,39.0,147.0,138.0,37.0,71.0,117.0,100.0,66.0,27.0,21.0,6.0,115382.2,1215.0,457.0,442.6,,,,,,,,,,,,,,,,,,,,,,,,,,,,,,,,,,,,,,,,,,,,,,,,,,,,,,,,,,,,,,,,,,,,,,,,,,,,,,,,,,,,,,,,,,,,,,,,,,,,,,,,,,,,,,,55.0,18.0,33,10.0,100.0,10.0,3.0,2.0,0.0,1.0,3.0,4.0,35,Portugal
94,Belgium,26,15,967,239.0,91.0,239.0,91.0,602.4,423.0,340.0,1331.0,239.0,80.0,81.0,239.0,92.0,46.0,48.0,56.0,12.0,7.0,27.0,46.0,42.0,185.0,88.0,47.0,52.0,100.0,143.0,119.0,68.0,18.0,7.0,117947.9,1336.0,456.0,472.8,2.0,,,,,,,,,,,,,,,,,,,,,,,,,,,,,,,,,,,,,,,,,,,,,,,,,,,,,,,,,,,,,,,,,,,,,,,,,,,,,,,,,,,,,,,,,,,,,,,,,,,,,,,,,,,,,,50.0,19.0,33,7.0,50.0,7.0,1.0,0.0,0.0,1.0,2.0,4.0,35,USA
94,USA,26,14,990,400.0,146.0,400.0,146.0,610.5,553.0,483.0,1273.0,400.0,140.0,75.0,400.0,147.0,62.0,116.0,88.0,31.0,34.0,7.0,60.0,81.0,125.0,64.0,44.0,94.0,54.0,38.0,70.0,57.0,25.0,19.0,119247.0,1469.0,452.0,484.0,19.0,,,,,,,,,,,,,,,,,,,,,,,,,,,,,,,,,,,,,,,,,,,,,,,,,,,,,,,,,,,,,,,,,,,,,,,,,,,,,,,,,,,,,,,,,,,,,,,,,,,,,,,,,,,,,,43.0,7.0,32,15.0,43.0,15.0,3.0,2.0,0.0,1.0,2.0,10.0,34,Belgium
95,Argentina,26,14,1122,394.0,166.0,394.0,166.0,556.4,618.0,558.0,1212.0,394.0,137.0,98.0,394.0,166.0,63.0,74.0,76.0,20.0,92.0,6.0,27.0,42.0,119.0,57.0,77.0,99.0,89.0,88.0,46.0,17.0,20.0,8.0,110427.3,1100.0,432.0,451.7,,,,,,,,,,,,,,,,,,,,,,,,,,,,,,,,,,,,,,,,,,,,,,,,,,,,,,,,,,,,,,,,,,,,,,,,,,,,,,,,,,,,,,,,,,,,,,,,,,,,,,,,,,,,,,,26.0,5.0,33,5.0,0.0,5.0,0.0,0.0,0.0,0.0,1.0,4.0,35,Egypt
95,Egypt,26,14,1122,316.0,130.0,316.0,130.0,644.3,382.0,316.0,1214.0,316.0,120.0,50.0,316.0,132.0,39.0,49.0,59.0,90.0,39.0,10.0,33.0,131.0,201.0,77.0,49.0,166.0,103.0,121.0,110.0,44.0,21.0,10.0,115937.9,1296.0,429.0,453.3,,,,,,,,,,,,,,,,,,,,,,,,,,,,,,,,,,,,,,,,,,,,,,,,,,,,,,,,,,,,,,,,,,,,,,,,,,,,,,,,,,,,,,,,,,,,,,,,,,,,,,,,,,,,,,,57.0,11.0,34,19.0,57.0,19.0,6.0,1.0,0.0,5.0,3.0,10.0,36,Argentina
96,Colombia,26,15,1309,431.0,142.0,431.0,142.0,657.5,562.0,462.0,1288.0,431.0,129.0,83.0,431.0,136.0,85.0,80.0,114.0,60.0,22.0,7.0,57.0,164.0,111.0,88.0,88.0,123.0,87.0,122.0,122.0,69.0,22.0,21.0,136892.1,1462.0,511.0,480.8,12.0,,,,0.0,0.0,0.0,0.0,0.0,0.0,0.0,0.0,0.0,0.0,0.0,0.0,0.0,0.0,0.0,0.0,0.0,0.0,0.0,0.0,0.0,0.0,0.0,0.0,0.0,0.0,0.0,0.0,0.0,0.0,0.0,0.0,0.0,0.0,0.0,0.0,0.0,0.0,0.0,0.0,0.0,0.0,0.0,,,,,,,,0.0,0.0,0.0,0.0,0.0,0.0,0.0,0.0,0.0,0.0,0.0,0.0,0.0,0.0,0.0,0.0,0.0,0.0,0.0,0.0,0.0,0.0,0.0,0.0,0.0,0.0,0.0,0.0,,0.0,0.0,0.0,0.0,0.0,0.0,0.0,0.0,0.0,0.0,0.0,0.0,0.0,0.0,0.0,,0.0,0.0,0.0,0.0,0.0,0.0,0.0,0.0,0.0,0.0,0.0,58.0,20.0,33,7.0,100.0,7.0,2.0,1.0,0.0,1.0,3.0,2.0,35,Switzerland
96,Switzerland,26,16,1309,515.0,188.0,515.0,188.0,614.2,641.0,561.0,1349.0,515.0,170.0,171.0,515.0,190.0,86.0,87.0,58.0,39.0,92.0,11.0,62.0,98.0,114.0,117.0,68.0,104.0,122.0,125.0,84.0,78.0,19.0,21.0,140660.6,1553.0,517.0,514.2,14.0,,,,0.0,0.0,0.0,0.0,0.0,0.0,0.0,0.0,0.0,0.0,0.0,0.0,0.0,0.0,0.0,0.0,0.0,0.0,0.0,0.0,0.0,0.0,0.0,0.0,0.0,0.0,0.0,0.0,0.0,0.0,0.0,0.0,0.0,0.0,0.0,0.0,0.0,0.0,0.0,0.0,0.0,0.0,0.0,,,,,,,,0.0,0.0,0.0,0.0,0.0,0.0,0.0,0.0,0.0,0.0,0.0,0.0,0.0,,0.0,0.0,0.0,0.0,0.0,0.0,0.0,0.0,0.0,0.0,0.0,0.0,0.0,0.0,0.0,0.0,0.0,0.0,0.0,,0.0,0.0,0.0,0.0,0.0,0.0,0.0,0.0,0.0,0.0,,0.0,0.0,0.0,0.0,0.0,,0.0,0.0,0.0,,,71.0,15.0,32,15.0,100.0,15.0,3.0,1.0,0.0,2.0,2.0,10.0,34,Colombia
97,France,26,15,990,333.0,129.0,333.0,129.0,686.6,498.0,451.0,1267.0,333.0,99.0,88.0,333.0,129.0,31.0,31.0,78.0,46.0,89.0,15.0,49.0,102.0,120.0,99.0,33.0,73.0,121.0,84.0,82.0,32.0,15.0,10.0,108573.9,1074.0,363.0,458.0,,,,,,,,,,,,,,,,,,,,,,,,,,,,,,,,,,,,,,,,,,,,,,,,,,,,,,,,,,,,,,,,,,,,,,,,,,,,,,,,,,,,,,,,,,,,,,,,,,,,,,,,,,,,,,,27.0,2.0,33,5.0,100.0,5.0,1.0,0.0,0.0,1.0,0.0,4.0,35,Morocco
97,Morocco,26,16,990,306.0,125.0,306.0,125.0,629.6,539.0,469.0,1348.0,306.0,111.0,67.0,306.0,127.0,39.0,45.0,60.0,83.0,26.0,5.0,40.0,134.0,141.0,110.0,108.0,120.0,64.0,20.0,18.0,7.0,5.0,,108254.4,1079.0,371.0,481.2,,,,,,,,,,,,,,,,,,,,,,,,,,,,,,,,,,,,,,,,,,,,,,,,,,,,,,,,,,,,,,,,,,,,,,,,,,,,,,,,,,,,,,,,,,,,,,,,,,,,,,,,,,,,,,,60.0,9.0,34,22.0,75.0,22.0,8.0,2.0,0.0,6.0,3.0,11.0,36,France
98,Belgium,26,15,1045,190.0,72.0,190.0,72.0,666.8,320.0,254.0,1188.0,190.0,49.0,49.0,190.0,78.0,49.0,31.0,39.0,28.0,17.0,19.0,45.0,91.0,173.0,121.0,58.0,159.0,158.0,139.0,67.0,17.0,4.0,,116163.6,1301.0,442.0,478.4,,,,,,,,,,,,,,,,,,,,,,,,,,,,,,,,,,,,,,,,,,,,,,,,,,,,,,,,,,,,,,,,,,,,,,,,,,,,,,,,,,,,,,,,,,,,,,,,,,,,,,,,,,,,,,,66.0,23.0,33,17.0,75.0,17.0,6.0,1.0,0.0,5.0,4.0,7.0,35,Spain
98,Spain,26,15,1045,519.0,186.0,519.0,186.0,586.3,693.0,625.0,1333.0,519.0,138.0,143.0,519.0,187.0,66.0,85.0,115.0,102.0,56.0,9.0,34.0,47.0,117.0,83.0,98.0,77.0,74.0,67.0,38.0,13.0,23.0,12.0,114594.5,1227.0,412.0,457.4,,,,,,,,,,,,,,,,,,,,,,,,,,,,,,,,,,,,,,,,,,,,,,,,,,,,,,,,,,,,,,,,,,,,,,,,,,,,,,,,,,,,,,,,,,,,,,,,,,,,,,,,,,,,,,,50.0,9.0,32,5.0,50.0,5.0,1.0,1.0,0.0,0.0,2.0,2.0,34,Belgium
99,England,25,17,1287,480.0,216.0,480.0,216.0,813.6,653.0,593.0,1521.0,480.0,185.0,110.0,480.0,216.0,83.0,135.0,65.0,81.0,37.0,12.0,63.0,59.0,176.0,105.0,64.0,112.0,120.0,129.0,75.0,30.0,19.0,4.0,140792.9,1327.0,439.0,520.2,,,,,,,,,,,,,,,,,,,,,,,,,,,,,,,,,,,,,,,,,,,,,,,,,,,,,,,,,,,,,,,,,,,,,,,,,,,,,,,,,,,,,,,,,,,,,,,,,,,,,,,,,,,,,,,57.0,21.0,33,14.0,75.0,14.0,5.0,2.0,0.0,3.0,4.0,5.0,35,Norway
99,Norway,26,17,1287,419.0,186.0,419.0,186.0,641.3,582.0,504.0,1428.0,440.0,132.0,91.0,440.0,192.0,90.0,109.0,128.0,71.0,10.0,17.0,37.0,91.0,208.0,73.0,135.0,119.0,60.0,73.0,82.0,37.0,14.0,17.0,148942.9,1471.0,483.0,519.6,4.0,16.0,21.0,5.0,,,,,,,,,,,,,,,,,,,,,,,,,,,,,,,,,,,,,,,,,,,,,,,,,,,,,,,,,,,,,,,,,,,,,,,,,,,,,,,,,,,,,,,,,,,,,,,,,,,,,,,,,,,63.0,23.0,32,15.0,71.0,15.0,4.0,1.0,2.0,3.0,4.0,5.0,34,England
100,Argentina,26,17,1265,436.0,158.0,436.0,158.0,567.0,716.0,629.0,1486.0,436.0,154.0,133.0,436.0,166.0,59.0,94.0,48.0,40.0,66.0,9.0,70.0,80.0,89.0,100.0,62.0,71.0,103.0,115.0,110.0,50.0,20.0,11.0,136746.3,1241.0,422.0,514.2,,,,,,,,,,,,,,,,,,,,,,,,,,,,,,,,,,,,,,,,,,,,,,,,,,,,,,,,,,,,,,,,,,,,,,,,,,,,,,,,,,,,,,,,,,,,,,,,,,,,,,,,,,,,,,,60.0,25.0,33,11.0,80.0,11.0,4.0,2.0,0.0,2.0,1.0,6.0,35,Switzerland
100,Switzerland,26,15,1265,277.0,104.0,277.0,104.0,589.7,476.0,404.0,1418.0,277.0,119.0,67.0,277.0,106.0,54.0,46.0,44.0,17.0,34.0,12.0,60.0,83.0,186.0,101.0,53.0,118.0,145.0,134.0,152.0,53.0,30.0,21.0,138035.8,1321.0,434.0,523.9,,,,,,,,,,,,,,,,,,,,,,,,,,,,,,,,,,,,,,,,,,,,,,,,,,,,,,,,,,,,,,,,,,,,,,,,,,,,,,,,,,,,,,,,,,,,,,,,,,,,,,,,,,,,,,,67.0,19.0,34,22.0,57.0,22.0,4.0,1.0,0.0,3.0,5.0,13.0,36,Argentina
