player_name,team,position_group,minutes_total,volume_passe_index,seguranca_passe_index,oferta_recebimento_index,motor_fisico_index,defesa_sem_bola_index,style_profile_pdf
ABDALLAH ALFAKHORI,Jordan,GK,,,,,,9.1,Goleiro
ABDALLAH NASIB,Jordan,DF,,60.7,37.4,52.4,59.4,74.8,Defensor sem bola
ABDULAZIZ HATEM,Qatar,MF,,32.3,34.6,58.9,22.9,41.8,Jogador de apoio e recepção
ABDULELAH ALAMRI,Saudi Arabia,DF,,63.7,51.4,57.1,57.9,60.4,Construtor de volume
ABDULLAH ALHAMDDAN,Saudi Arabia,FW,,24.0,20.2,31.2,40.6,59.9,Defensor sem bola
ABDULLAH ALKHAIBARI,Saudi Arabia,MF,,46.5,44.6,39.8,59.9,69.4,Defensor sem bola
AHMED ALAAELDIN,Qatar,FW,,9.3,5.0,21.9,22.6,40.1,Defensor sem bola
AHMED ALGANEHI,Qatar,MF,,16.8,48.3,6.3,17.9,32.6,Distribuidor seguro
AHMED ALKASSAR,Saudi Arabia,GK,,,,,,9.1,Goleiro
AHMED BASIL,Iraq,GK,,48.0,24.0,48.9,9.5,24.1,Goleiro
AHMED FATHY,Qatar,MF,,51.5,64.5,60.0,54.9,74.8,Defensor sem bola
AHMED FATOUH,Egypt,DF,,85.4,78.2,63.3,81.0,70.9,Construtor de volume
AHMED MAKNAZI,Iraq,DF,,6.5,5.4,35.2,16.9,42.4,Defensor sem bola
AHMED QASEM,Iraq,FW,,20.4,28.8,35.3,47.7,70.9,Defensor sem bola
AIMAN YAHYA,Saudi Arabia,FW,,,,,,9.1,Defensor sem bola
AIMAR SHER,Iraq,MF,,26.0,51.7,40.2,5.2,24.1,Distribuidor seguro
AKAM HASHIM,Iraq,DF,,78.5,64.2,47.0,59.4,55.0,Construtor de volume
AKRAM AFIF,Qatar,FW,,60.7,44.5,78.3,55.9,58.7,Jogador de apoio e recepção
ALA ALHAJJI,Saudi Arabia,MF,,22.1,55.5,36.2,24.0,35.4,Distribuidor seguro
ALEX SANDRO,Brazil,DF,,18.9,59.0,19.0,9.2,22.0,Distribuidor seguro
ALHASHMI ALHUSSEIN,Qatar,DF,,0.9,0.9,35.2,16.9,36.5,Defensor sem bola
ALI ALHAMADI,Iraq,FW,,33.3,25.8,45.9,60.5,66.3,Defensor sem bola
ALI AZAIZEH,Jordan,FW,,18.1,50.6,26.6,30.9,55.3,Defensor sem bola
ALI JASIM,Iraq,FW,,34.9,35.2,49.4,51.9,62.1,Defensor sem bola
ALI LAJAMI,Saudi Arabia,DF,,51.5,46.3,45.0,39.6,51.5,Construtor de volume
ALI MAJRASHI,Saudi Arabia,DF,,,,,,9.1,Defensor sem bola
ALI OLWAN,Jordan,FW,,41.1,30.8,49.5,79.1,94.3,Defensor sem bola
ALI YOUSIF,Iraq,FW,,6.7,52.4,7.2,19.4,35.4,Distribuidor seguro
ALISSON,Brazil,GK,,74.4,55.0,43.9,24.3,34.8,Goleiro distribuidor
ALMOEZ ALI,Qatar,FW,,4.2,6.6,19.3,12.5,30.0,Defensor sem bola
AMER JAMOUS,Jordan,MF,,6.7,52.4,38.4,12.0,38.8,Distribuidor seguro
AMIR ALAMMARI,Iraq,MF,,72.2,51.1,66.2,70.7,74.0,Defensor sem bola
ANAS BADAWI,Jordan,DF,,,,,,9.1,Defensor sem bola
ASSIM MADIBO,Qatar,MF,,33.1,36.1,22.9,27.3,64.3,Defensor sem bola
AYMEN HUSSEIN,Iraq,FW,,19.6,20.2,39.3,36.1,61.3,Defensor sem bola
AYOUB ALOUI,Qatar,DF,,23.4,9.4,17.9,40.9,59.9,Defensor sem bola
Aaron HICKEY,Scotland,DF,,39.9,57.8,45.1,26.5,40.6,Distribuidor seguro
Aaron TSHIBOLA,Congo DR,MF,,,,,,9.1,Defensor sem bola
Aaron WAN-BISSAKA,Congo DR,DF,,75.2,53.1,63.1,88.5,95.7,Defensor sem bola
Abbosbek FAYZULLAEV,Uzbekistan,MF,,32.8,19.8,50.0,70.0,90.3,Defensor sem bola
Abdoulaye SECK,Senegal,DF,,31.6,44.8,28.6,18.5,24.1,Distribuidor seguro
Abdukodir KHUSANOV,Uzbekistan,DF,,63.4,52.9,43.0,58.3,61.9,Construtor de volume
Abdul FATAWU,Ghana,FW,,25.1,32.3,57.9,50.5,57.8,Jogador de apoio e recepção
Abdul MUMIN,Ghana,DF,,,,,,9.1,Defensor sem bola
Abdulkerim BARDAKCI,Türkiye,DF,,92.2,85.6,62.3,62.3,63.1,Construtor de volume
Abdulla ABDULLAEV,Uzbekistan,DF,,54.8,65.0,46.4,45.5,54.0,Distribuidor seguro
Abduvohid NEMATOV,Uzbekistan,GK,,39.9,18.2,40.4,11.8,23.6,Goleiro
Achraf HAKIMI,Morocco,DF,,99.2,84.2,84.0,98.2,92.2,Construtor de volume
Achref ABADA,Algeria,DF,,,,,,9.1,Defensor sem bola
Adalberto CARRASQUILLA,Panama,MF,,,,,,9.1,Defensor sem bola
Adam AROUS,Tunisia,DF,,,,,,9.1,Defensor sem bola
Adam HLOZEK,Czechia,FW,,26.8,18.9,51.8,54.9,67.0,Defensor sem bola
Adil BOULBINA,Algeria,FW,,22.9,35.3,29.0,12.6,32.0,Distribuidor seguro
Adrien RABIOT,France,MF,,95.7,90.7,70.9,95.1,92.2,Construtor de volume
Agustin CANOBBIO,Uruguay,MF,,53.0,62.8,62.4,74.5,85.5,Defensor sem bola
Ahmed Reda TAGNAOUTI,Morocco,GK,,,,,,9.1,Goleiro
Aiden ONEILL,Australia,MF,,82.8,61.9,77.3,93.7,89.2,Motor físico
Aissa MANDI,Algeria,DF,,98.1,92.0,52.9,68.2,60.4,Construtor de volume
Ajdin HRUSTIC,Australia,FW,,32.5,46.4,39.0,39.6,52.6,Defensor sem bola
Akmal MOZGOVOY,Uzbekistan,MF,,56.2,48.4,65.7,65.8,72.7,Defensor sem bola
Alan FRANCO,Ecuador,MF,,80.0,85.2,66.0,68.4,74.0,Distribuidor seguro
Alan MINDA,Ecuador,MF,,19.6,20.2,36.4,23.7,41.2,Defensor sem bola
Alban LAFONT,Côte d'Ivoire,GK,,,,,,9.1,Goleiro
Alberto QUINTERO,Panama,MF,,5.1,51.4,24.0,6.4,19.4,Distribuidor seguro
Alejandro ROMERO GAMARRA,Paraguay,FW,,12.2,8.0,19.0,4.4,33.1,Defensor sem bola
Aleksandar PAVLOVIC,Germany,MF,,93.3,87.8,86.3,88.1,79.1,Construtor de volume
Alessandro CIRCATI,Australia,DF,,89.3,61.5,69.7,84.7,83.0,Construtor de volume
Alessandro SCHOEPF,Austria,MF,,,,,,9.1,Defensor sem bola
Alex ARCE,Paraguay,FW,,13.3,13.1,10.3,30.6,43.2,Defensor sem bola
Alex BAENA,Spain,MF,,81.8,60.4,71.6,84.7,83.9,Motor físico
Alex FREEMAN,USA,DF,,95.1,84.6,82.6,92.0,91.8,Construtor de volume
Alex GRIMALDO,Spain,DF,,,,,,9.1,Defensor sem bola
Alex PAULSEN,New Zealand,GK,,,,,,9.1,Goleiro
Alex RUFER,New Zealand,MF,,,,,,9.1,Defensor sem bola
Alex ZENDEJAS,USA,FW,,10.3,31.8,26.4,16.3,32.0,Defensor sem bola
Alexander BERNHARDSSON,Sweden,DF,,49.5,36.0,42.3,58.8,76.1,Defensor sem bola
Alexander ISAK,Sweden,FW,,56.7,45.6,62.6,78.5,85.2,Defensor sem bola
Alexander NUEBEL,Germany,GK,,,,,,9.1,Goleiro
Alexander PRASS,Austria,MF,,28.1,46.4,37.1,19.9,25.7,Distribuidor seguro
Alexander SCHLAGER,Austria,GK,,72.8,64.1,68.4,29.9,30.8,Goleiro distribuidor
Alexander SORLOTH,Norway,FW,,67.5,50.0,76.1,88.2,74.6,Motor físico
Alexandr SOJKA,Czechia,MF,,49.3,41.4,56.6,60.8,80.7,Defensor sem bola
Alexandre PIERRE,Haiti,GK,,,,,,9.1,Goleiro
Alexandro MAIDANA,Paraguay,DF,,21.5,16.0,21.6,27.9,47.9,Defensor sem bola
Alexis MAC ALLISTER,Argentina,MF,,97.4,89.2,79.4,95.4,97.3,Construtor de volume
Alexis SAELEMAEKERS,Belgium,MF,,38.1,33.6,44.5,38.5,44.3,Jogador de apoio e recepção
Alexis VEGA,Mexico,FW,,15.2,57.0,32.1,9.7,18.8,Distribuidor seguro
Alfie JONES,Canada,DF,,,,,,9.1,Defensor sem bola
Ali ABDI,Tunisia,DF,,51.2,30.0,51.1,74.3,89.2,Defensor sem bola
Ali AHMED,Canada,FW,,48.9,38.6,65.2,74.5,93.3,Defensor sem bola
Ali ALIPOUR,IR Iran,FW,,9.3,5.0,11.5,18.9,35.4,Defensor sem bola
Ali NEMATI,IR Iran,DF,,74.9,70.4,50.2,71.7,66.6,Construtor de volume
Alidu SEIDU,Ghana,DF,,29.9,57.2,30.4,25.5,38.3,Distribuidor seguro
Alireza BEIRANVAND,IR Iran,GK,,58.2,32.2,26.5,15.5,33.4,Goleiro
Alireza JAHANBAKHSH,IR Iran,MF,,15.3,12.0,22.5,23.9,37.6,Defensor sem bola
Alistair JOHNSTON,Canada,DF,,90.5,57.2,81.5,97.7,91.0,Motor físico
Alphonso DAVIES,Canada,DF,,21.6,24.3,37.1,13.8,22.0,Jogador de apoio e recepção
Altay BAYINDIR,Türkiye,GK,,,,,,9.1,Goleiro
Alvaro FIDALGO,Mexico,MF,,57.3,72.8,68.7,49.7,53.4,Distribuidor seguro
Alvaro MONTERO,Colombia,GK,,,,,,9.1,Goleiro
Amad DIALLO,Côte d'Ivoire,FW,,55.8,73.4,67.8,59.4,60.7,Distribuidor seguro
Amadou ONANA,Belgium,MF,,50.7,60.4,56.4,36.4,51.0,Distribuidor seguro
Amar DEDIC,Bosnia and Herzegovina,DF,,63.5,49.6,39.0,74.6,87.5,Defensor sem bola
Amar MEMIC,Bosnia and Herzegovina,MF,,43.0,31.7,37.4,70.3,64.3,Motor físico
Amine GOUIRI,Algeria,FW,,47.4,55.8,62.0,71.3,88.6,Defensor sem bola
Amine SBAI,Morocco,FW,,5.8,13.4,37.1,11.4,19.9,Jogador de apoio e recepção
Amir HADZIAHMETOVIC,Bosnia and Herzegovina,MF,,5.1,51.4,35.2,6.0,20.5,Distribuidor seguro
Amir MURILLO,Panama,DF,,67.9,47.9,70.1,75.7,82.7,Defensor sem bola
Amirhossein HOSSEINZADEH,IR Iran,FW,,17.6,15.9,19.3,15.5,27.7,Defensor sem bola
Amirmohammad RAZAGHINIA,IR Iran,MF,,,,,,9.1,Defensor sem bola
Anass SALAH EDDINE,Morocco,DF,,83.0,81.0,56.6,49.2,55.6,Construtor de volume
Andreas SCHJELDERUP,Norway,MF,,66.3,59.6,67.5,76.5,65.1,Motor físico
Andrej KRAMARIC,Croatia,FW,,23.9,37.2,30.8,35.7,42.4,Defensor sem bola
Andres ANDRADE,Panama,DF,,83.7,62.4,76.6,69.4,77.5,Construtor de volume
Andres CUBAS,Paraguay,MF,,70.7,56.7,64.9,96.9,100.0,Defensor sem bola
Andres GOMEZ,Colombia,FW,,0.9,0.9,35.2,5.4,22.0,Jogador de apoio e recepção
Andy ROBERTSON,Scotland,DF,,78.9,57.2,71.1,60.5,65.6,Construtor de volume
Ange-Yoan BONNY,Côte d'Ivoire,FW,,31.6,44.8,58.4,65.9,85.9,Defensor sem bola
Angelo PRECIADO,Ecuador,DF,,39.0,23.8,57.8,39.5,46.3,Jogador de apoio e recepção
Angelo STILLER,Germany,MF,,35.0,56.7,43.6,21.5,27.3,Distribuidor seguro
Angus GUNN,Scotland,GK,,69.5,45.0,46.0,16.5,34.0,Goleiro
Anibal GODOY,Panama,MF,,12.9,56.0,38.4,5.3,20.5,Distribuidor seguro
Anis HADJ MOUSSA,Algeria,FW,,33.2,21.9,49.3,38.8,41.8,Jogador de apoio e recepção
Anis SLIMANE,Tunisia,MF,,54.0,41.7,63.1,75.1,78.8,Defensor sem bola
Ante BUDIMIR,Croatia,FW,,13.4,6.6,35.6,50.0,63.1,Defensor sem bola
Anthony ELANGA,Sweden,FW,,54.5,42.3,74.4,60.0,49.3,Jogador de apoio e recepção
Anthony GORDON,England,FW,,64.8,64.6,80.3,83.4,88.6,Defensor sem bola
Anthony RALSTON,Scotland,DF,,8.2,53.2,36.6,12.3,31.1,Distribuidor seguro
Anthony VALENCIA,Ecuador,MF,,,,,,9.1,Defensor sem bola
Antoine MENDY,Senegal,DF,,,,,,9.1,Defensor sem bola
Antoine SEMENYO,Ghana,MF,,50.2,36.8,63.8,78.0,90.7,Defensor sem bola
Antonee ROBINSON,USA,DF,,89.5,64.1,82.8,92.8,83.0,Motor físico
Antonio NUSA,Norway,FW,,56.3,37.6,75.0,83.4,81.9,Motor físico
Antonio RUEDIGER,Germany,DF,,92.7,89.4,45.0,57.9,54.4,Construtor de volume
Antonio SANABRIA,Paraguay,FW,,13.3,13.1,36.6,31.7,44.7,Defensor sem bola
Ao TANAKA,Japan,MF,,82.0,78.6,78.6,55.0,76.4,Construtor de volume
Arda GULER,Türkiye,FW,,87.2,70.6,82.3,77.8,69.6,Construtor de volume
Ardon JASHARI,Switzerland,MF,,31.1,38.0,44.9,34.5,46.3,Defensor sem bola
Arjan MALIC,Bosnia and Herzegovina,DF,,29.9,57.2,53.9,20.9,29.7,Distribuidor seguro
Arjany MARTHA,Curaçao,MF,,,,,,9.1,Defensor sem bola
Armando GONZALEZ,Mexico,FW,,2.4,50.0,14.8,10.2,23.0,Distribuidor seguro
Armando OBISPO,Curaçao,DF,,64.3,68.4,24.9,51.3,68.6,Defensor sem bola
Armin GIGOVIC,Bosnia and Herzegovina,MF,,25.6,19.3,38.4,37.4,53.2,Defensor sem bola
Arthur MASUAKU,Congo DR,DF,,82.3,63.4,73.4,72.2,89.8,Defensor sem bola
Arthur THEATE,Belgium,DF,,82.8,84.5,52.3,57.9,56.9,Distribuidor seguro
Arya YOUSEFI,IR Iran,DF,,22.5,45.4,22.2,23.5,31.1,Distribuidor seguro
Assan OUEDRAOGO,Germany,MF,,,,,,9.1,Defensor sem bola
Assane DIAO,Senegal,FW,,17.5,58.2,18.3,9.1,21.4,Distribuidor seguro
Aubrey MODIBA,South Africa,DF,,76.2,58.9,55.7,83.5,80.5,Motor físico
Augustine BOAKYE,Ghana,MF,,,,,,9.1,Defensor sem bola
Aurele AMENDA,Switzerland,DF,,,,,,9.1,Defensor sem bola
Aurelien TCHOUAMENI,France,MF,,88.2,90.7,85.7,78.1,76.8,Distribuidor seguro
Auston TRUSTY,USA,DF,,42.1,32.4,49.1,35.7,55.1,Defensor sem bola
Avazbek ULMASALIYEV,Uzbekistan,DF,,,,,,9.1,Defensor sem bola
Awer MABIL,Australia,FW,,10.2,7.7,14.2,17.0,38.3,Defensor sem bola
Axel TUANZEBE,Congo DR,DF,,80.8,77.3,66.0,74.4,62.8,Construtor de volume
Axel WITSEL,Belgium,MF,,13.6,41.1,7.2,18.9,36.9,Distribuidor seguro
Ayase UEDA,Japan,FW,,33.3,25.8,53.5,79.4,95.2,Defensor sem bola
Aymen DAHMEN,Tunisia,GK,,36.1,16.4,43.0,8.5,22.0,Goleiro
Aymeric LAPORTE,Spain,DF,,99.8,93.7,76.8,91.2,77.2,Construtor de volume
Ayoub EL KAABI,Morocco,FW,,13.3,13.1,33.8,32.8,40.1,Defensor sem bola
Ayoube AMAIMOUNI,Morocco,FW,,13.6,41.1,15.6,22.5,28.6,Distribuidor seguro
Ayumu SEKO,Japan,DF,,43.1,45.1,37.9,27.0,31.1,Distribuidor seguro
Ayyoub BOUADDI,Morocco,MF,,93.2,82.3,88.8,91.6,98.5,Defensor sem bola
Azarias LONDONO,Panama,FW,,25.6,59.0,33.6,28.7,39.4,Distribuidor seguro
Aziz BEHICH,Australia,DF,,55.8,36.2,55.5,66.0,79.3,Defensor sem bola
Azizbek AMONOV,Uzbekistan,FW,,8.9,26.9,24.4,13.5,23.0,Distribuidor seguro
Azizjon GANIEV,Uzbekistan,MF,,46.8,42.0,42.6,50.9,66.0,Defensor sem bola
Azzedine OUNAHI,Morocco,MF,,94.2,85.6,90.2,92.7,97.7,Defensor sem bola
BAE Junho,Korea Republic,MF,,,,,,9.1,Defensor sem bola
BERNARDO SILVA,Portugal,MF,,49.2,68.2,50.9,50.6,52.6,Distribuidor seguro
BOUALEM KHOUKHI,Qatar,DF,,70.1,52.0,58.4,52.1,61.9,Construtor de volume
BREMER,Brazil,DF,,,,,,9.1,Defensor sem bola
BRUNO FERNANDES,Portugal,MF,,94.0,73.8,83.8,95.1,99.9,Defensor sem bola
BRUNO GUIMARAES,Brazil,MF,,86.8,60.4,79.8,93.1,95.6,Defensor sem bola
Baba RAHMAN,Ghana,DF,,0.9,0.9,1.0,1.0,9.1,Defensor sem bola
Bamba DIENG,Senegal,FW,,5.1,51.4,7.2,11.1,35.4,Distribuidor seguro
Bara Sapoko NDIAYE,Senegal,MF,,14.8,44.0,37.1,16.3,27.7,Distribuidor seguro
Baris Alper YILMAZ,Türkiye,FW,,35.4,29.4,54.4,56.9,49.7,Motor físico
Bart VERBRUGGEN,Netherlands,GK,,69.8,41.8,47.1,19.6,32.6,Goleiro
Bazoumana TOURE,Côte d'Ivoire,FW,,25.6,19.3,41.0,34.5,53.8,Defensor sem bola
Behruzjon KARIMOV,Uzbekistan,DF,,44.7,36.0,56.4,56.9,68.3,Defensor sem bola
Ben GANNON-DOAK,Scotland,FW,,44.8,59.8,59.3,53.4,64.6,Defensor sem bola
Ben OLD,New Zealand,MF,,32.2,27.2,45.6,41.6,45.0,Jogador de apoio e recepção
Ben WAINE,New Zealand,FW,,,,,,9.1,Defensor sem bola
Benjamin ASARE,Ghana,GK,,45.0,27.8,37.0,14.8,26.0,Goleiro
Benjamin NYGREN,Sweden,MF,,44.0,62.8,50.6,57.9,67.3,Defensor sem bola
Benjamin TAHIROVIC,Bosnia and Herzegovina,MF,,67.4,58.8,65.7,74.9,79.3,Defensor sem bola
Besfort ZENELI,Sweden,MF,,37.5,54.3,40.8,32.8,49.4,Distribuidor seguro
Bilal EL KHANNOUSS,Morocco,MF,,90.6,58.8,72.6,95.3,94.3,Motor físico
Borja IGLESIAS,Spain,FW,,0.9,0.9,1.0,3.0,18.8,Defensor sem bola
Botirali ERGASHEV,Uzbekistan,GK,,,,,,9.1,Goleiro
Bradley BARCOLA,France,FW,,62.1,68.4,71.4,66.3,71.2,Jogador de apoio e recepção
Bradley CROSS,South Africa,DF,,,,,,9.1,Defensor sem bola
Brahim DIAZ,Morocco,FW,,82.2,68.5,79.6,94.2,95.1,Defensor sem bola
Braian OJEDA,Paraguay,MF,,10.3,31.8,38.4,11.6,24.7,Jogador de apoio e recepção
Brandley KUWAS,Curaçao,FW,,5.8,13.4,36.6,5.5,20.5,Jogador de apoio e recepção
Brandon MECHELE,Belgium,DF,,98.6,90.7,74.6,98.4,93.9,Construtor de volume
Brandon THOMAS-ASANTE,Ghana,FW,,7.1,4.0,24.0,29.4,40.9,Defensor sem bola
Breel EMBOLO,Switzerland,FW,,52.5,39.4,55.1,93.4,97.5,Defensor sem bola
Brenden AARONSON,USA,FW,,26.4,59.6,35.6,37.6,47.2,Distribuidor seguro
Brian BROBBEY,Netherlands,FW,,25.6,41.3,38.5,52.9,60.4,Defensor sem bola
Brian CIPENGA,Congo DR,FW,,37.5,19.4,48.8,54.3,56.1,Defensor sem bola
Brian GUTIERREZ,Mexico,MF,,48.7,57.6,66.0,65.4,68.1,Defensor sem bola
Brian RODRIGUEZ,Uruguay,FW,,27.2,22.2,53.8,25.4,32.6,Jogador de apoio e recepção
Brice SAMBA,France,GK,,,,,,9.1,Goleiro
Bukayo SAKA,England,FW,,54.9,46.6,70.8,79.7,68.6,Motor físico
CASEMIRO,Brazil,MF,,90.7,79.8,85.0,82.8,88.3,Construtor de volume
CASTROP Jens,Korea Republic,DF,,32.0,52.6,18.3,20.0,32.6,Distribuidor seguro
CHO Guesung,Korea Republic,FW,,10.3,31.8,24.9,16.6,33.4,Defensor sem bola
CHO Wije,Korea Republic,DF,,,,,,9.1,Defensor sem bola
CJ DOS SANTOS,Cabo Verde,GK,,,,,,9.1,Goleiro
CRISTIANO RONALDO,Portugal,FW,,64.6,62.1,65.5,79.4,68.8,Motor físico
Caglar SOYUNCU,Türkiye,DF,,5.8,13.4,30.4,2.4,19.9,Jogador de apoio e recepção
Caleb YIRENKYI,Ghana,MF,,53.7,60.7,49.2,81.1,91.3,Defensor sem bola
Callan ELLIOT,New Zealand,DF,,8.1,8.4,35.2,7.6,28.6,Jogador de apoio e recepção
Callum McCOWATT,New Zealand,MF,,61.5,54.1,77.8,62.7,63.7,Jogador de apoio e recepção
Cameron BURGESS,Australia,DF,,45.3,40.0,31.9,35.0,42.4,Construtor de volume
Cameron DEVLIN,Australia,MF,,,,,,9.1,Defensor sem bola
Camilo VARGAS,Colombia,GK,,86.5,55.5,73.4,22.7,34.8,Goleiro distribuidor
Can UZUN,Türkiye,FW,,27.7,53.8,53.4,20.5,25.7,Distribuidor seguro
Carl SAINTE,Haiti,MF,,,,,,9.1,Defensor sem bola
Carl STARFELT,Sweden,DF,,16.8,48.3,1.0,4.0,19.4,Distribuidor seguro
Carlens ARCUS,Haiti,DF,,49.2,58.3,33.3,52.2,57.4,Distribuidor seguro
Carlos ACEVEDO,Mexico,GK,,,,,,9.1,Goleiro
Carlos HARVEY,Panama,DF,,66.2,48.6,53.4,78.3,71.9,Motor físico
Carney CHUKWUEMEKA,Austria,MF,,31.1,38.0,39.6,38.5,59.6,Defensor sem bola
Cecilio WATERMAN,Panama,FW,,13.3,13.1,18.3,26.4,36.9,Defensor sem bola
Cedric BAKAMBU,Congo DR,FW,,24.5,18.0,51.0,60.6,69.6,Defensor sem bola
Cedric ITTEN,Switzerland,FW,,7.1,4.0,15.6,25.6,40.4,Defensor sem bola
Cesar BLACKMAN,Panama,DF,,56.9,59.2,68.8,45.0,65.0,Jogador de apoio e recepção
Cesar HUERTA,Mexico,FW,,3.6,50.6,39.0,6.9,21.7,Distribuidor seguro
Cesar MONTES,Mexico,DF,,83.7,81.8,60.2,62.1,59.2,Construtor de volume
Cesar SAMUDIO,Panama,GK,,,,,,9.1,Goleiro
Cesar YANIS,Panama,MF,,,,,,9.1,Defensor sem bola
Chadi RIAD,Morocco,DF,,91.1,89.1,78.0,74.8,63.9,Construtor de volume
Chancel MBEMBA,Congo DR,DF,,80.2,56.8,68.2,76.7,63.5,Construtor de volume
Charles DE KETELAERE,Belgium,FW,,60.0,45.2,66.2,88.2,97.2,Defensor sem bola
Charles PICKEL,Congo DR,MF,,25.6,41.3,42.6,23.5,42.4,Jogador de apoio e recepção
Che ADAMS,Scotland,FW,,20.8,12.8,37.2,47.0,66.0,Defensor sem bola
Chemsdine TALBI,Morocco,MF,,45.3,52.6,58.1,64.5,59.9,Motor físico
Cherif NDIAYE,Senegal,FW,,,,,,9.1,Defensor sem bola
Chris BRADY,USA,GK,,,,,,9.1,Goleiro
Chris RICHARDS,USA,DF,,95.8,93.2,50.7,79.9,70.6,Construtor de volume
Chris WOOD,New Zealand,FW,,40.6,32.6,48.0,74.2,78.6,Defensor sem bola
Christ Inao OULAI,Côte d'Ivoire,MF,,74.5,77.9,74.4,55.0,81.7,Defensor sem bola
Christian FASSNACHT,Switzerland,FW,,8.2,53.2,35.8,10.6,29.2,Distribuidor seguro
Christian PULISIC,USA,FW,,58.0,60.8,79.7,74.3,66.6,Jogador de apoio e recepção
Christopher BONSU BAAH,Ghana,FW,,,,,,9.1,Defensor sem bola
Christopher OPERI,Côte d'Ivoire,DF,,57.0,64.8,26.6,35.6,41.8,Distribuidor seguro
Cody GAKPO,Netherlands,FW,,63.4,46.4,58.6,85.3,89.5,Defensor sem bola
Connor METCALFE,Australia,MF,,56.4,46.8,64.9,87.9,98.8,Defensor sem bola
Craig GORDON,Scotland,GK,,,,,,9.1,Goleiro
Cristian MARTINEZ,Panama,MF,,54.0,35.2,52.3,72.2,75.1,Defensor sem bola
Cristian ROLDAN,USA,MF,,,,,,9.1,Defensor sem bola
Cristian ROMERO,Argentina,DF,,97.0,95.2,57.6,65.0,80.5,Construtor de volume
Cristian VOLPATO,Australia,FW,,49.5,39.6,67.7,59.2,68.1,Defensor sem bola
Crysencio,Netherlands,FW,,,,,,9.1,Defensor sem bola
Crysencio SUMMERVILLE,Netherlands,FW,,37.2,43.2,40.8,54.4,63.1,Defensor sem bola
Cucho HERNANDEZ,Colombia,FW,,10.2,7.7,10.7,25.6,41.8,Defensor sem bola
Cyle LARIN,Canada,FW,,27.4,44.8,34.2,54.2,66.3,Defensor sem bola
DAILON LIVRAMENTO,Cabo Verde,FW,,22.4,26.3,38.7,57.6,73.8,Defensor sem bola
DANILO,Brazil,DF,,95.6,81.8,87.2,92.3,80.7,Construtor de volume
DANILO SANTOS,Brazil,MF,,30.7,32.0,39.0,30.1,38.3,Jogador de apoio e recepção
DEMBELE,France,FW,,,,,,9.1,Defensor sem bola
DEROY DUARTE,Cabo Verde,MF,,65.2,60.4,51.9,63.0,89.8,Defensor sem bola
DINEY BORGES,Cabo Verde,DF,,85.7,60.6,77.0,78.8,78.0,Construtor de volume
DIOGO COSTA,Portugal,GK,,71.9,49.6,56.8,23.0,33.4,Goleiro distribuidor
DIOGO DALOT,Portugal,DF,,37.8,49.5,35.0,26.9,39.1,Distribuidor seguro
DOUGLAS SANTOS,Brazil,DF,,94.7,89.7,57.7,96.1,97.4,Defensor sem bola
Daichi KAMADA,Japan,MF,,87.6,68.6,84.0,80.4,92.7,Defensor sem bola
Daizen MAEDA,Japan,MF,,32.5,59.6,48.8,85.6,93.5,Defensor sem bola
Damian BOBADILLA,Paraguay,MF,,31.4,25.8,31.7,64.2,83.5,Defensor sem bola
Dan BURN,England,DF,,4.9,3.2,35.2,9.7,27.0,Jogador de apoio e recepção
Dan NDOYE,Switzerland,FW,,60.4,45.8,58.5,93.3,95.4,Defensor sem bola
Dani OLMO,Spain,FW,,84.3,80.0,73.3,91.4,96.8,Defensor sem bola
Danial IRI,IR Iran,DF,,,,,,9.1,Defensor sem bola
Daniel MUNOZ,Colombia,DF,,89.8,82.6,68.8,94.8,83.7,Motor físico
Daniel SVENSSON,Sweden,DF,,40.9,41.5,37.0,39.9,42.9,Defensor sem bola
Danley JEAN JACQUES,Haiti,MF,,71.2,67.6,74.4,81.2,82.3,Defensor sem bola
Darwin NUNEZ,Uruguay,FW,,27.4,30.4,29.1,50.9,75.6,Defensor sem bola
David AFFENGRUBER,Austria,DF,,,,,,9.1,Defensor sem bola
David ALABA,Austria,DF,,90.3,79.4,68.0,55.9,67.3,Construtor de volume
David DOUDERA,Czechia,DF,,40.0,27.6,24.7,30.2,43.9,Defensor sem bola
David JURASEK,Czechia,DF,,,,,,9.1,Defensor sem bola
David MOLLER WOLFE,Norway,DF,,85.8,72.8,65.8,93.6,86.0,Motor físico
David OSPINA,Colombia,GK,,,,,,9.1,Goleiro
David RAUM,Germany,DF,,44.2,46.5,47.4,46.7,52.1,Defensor sem bola
David RAYA,Spain,GK,,,,,,9.1,Goleiro
David ZIMA,Czechia,DF,,10.3,31.8,27.9,4.5,27.0,Distribuidor seguro
Davinson SANCHEZ,Colombia,DF,,97.3,84.3,76.7,86.5,85.4,Construtor de volume
Dayne ST. CLAIR,Canada,GK,,,,,,9.1,Goleiro
Dayot UPAMECANO,France,DF,,97.8,90.8,81.3,91.1,86.7,Construtor de volume
Dean HENDERSON,England,GK,,,,,,9.1,Goleiro
Declan RICE,England,MF,,90.2,85.9,77.9,91.0,78.2,Motor físico
Deiver MACHADO,Colombia,DF,,27.2,60.0,31.6,33.9,40.9,Distribuidor seguro
Dejan LJUBICIC,Austria,MF,,,,,,9.1,Defensor sem bola
Denil CASTILLO,Ecuador,MF,,,,,,9.1,Defensor sem bola
Denis VISINSKY,Czechia,FW,,20.0,59.4,35.5,28.0,34.8,Distribuidor seguro
Denis ZAKARIA,Switzerland,MF,,85.3,70.8,44.4,83.5,75.9,Construtor de volume
Deniz GUL,Türkiye,FW,,2.0,0.6,53.2,17.8,23.0,Jogador de apoio e recepção
Deniz UNDAV,Germany,FW,,30.7,24.4,53.7,45.0,51.2,Jogador de apoio e recepção
Dennis DARGAHI,IR Iran,FW,,,,,,9.1,Defensor sem bola
Dennis HADZIKADUNIC,Bosnia and Herzegovina,DF,,14.2,24.2,40.8,12.0,25.2,Jogador de apoio e recepção
Denzel DUMFRIES,Netherlands,DF,,83.8,61.4,81.4,89.6,91.3,Defensor sem bola
Derek CORNELIUS,Canada,DF,,83.3,75.2,48.5,72.6,75.1,Construtor de volume
Derrick ETIENNE,Haiti,FW,,9.3,5.0,28.8,8.6,20.5,Jogador de apoio e recepção
Derrick LUCKASSEN,Ghana,DF,,73.6,67.0,38.4,38.1,43.2,Construtor de volume
Desire DOUE,France,FW,,80.3,64.4,75.8,87.7,95.8,Defensor sem bola
Deveron FONVILLE,Curaçao,DF,,50.7,48.0,30.6,63.9,84.6,Defensor sem bola
Diego GOMEZ,Paraguay,MF,,63.8,47.2,59.8,87.2,98.7,Defensor sem bola
Diego MOREIRA,Belgium,MF,,18.1,13.0,33.3,31.4,48.8,Defensor sem bola
Djed SPENCE,England,DF,,76.7,73.8,76.1,65.5,77.7,Defensor sem bola
Djibril SOW,Switzerland,MF,,63.5,58.2,62.8,78.8,57.4,Motor físico
Dodi LUKEBAKIO,Belgium,FW,,44.9,39.0,60.4,55.7,64.7,Defensor sem bola
Dominic HYAM,Scotland,DF,,,,,,9.1,Defensor sem bola
Dominik KOTARSKI,Croatia,GK,,,,,,9.1,Goleiro
Dominik LIVAKOVIC,Croatia,GK,,72.0,43.9,42.6,18.0,31.1,Goleiro distribuidor
Dominique SIMON,Haiti,MF,,29.9,23.5,45.0,30.6,51.8,Defensor sem bola
Donyell MALEN,Netherlands,FW,,33.5,32.6,42.0,48.3,52.6,Defensor sem bola
Dostonbek KHAMDAMOV,Uzbekistan,MF,,34.3,42.9,29.3,42.2,62.4,Defensor sem bola
Duckens NAZON,Haiti,FW,,3.6,1.6,1.0,9.8,22.4,Defensor sem bola
Duje CALETA-CAR,Croatia,DF,,,,,,9.1,Defensor sem bola
Dylan BATUBINSIKA,Congo DR,DF,,,,,,9.1,Defensor sem bola
Dylan BRONN,Tunisia,DF,,23.4,28.4,28.6,15.2,32.0,Defensor sem bola
Dzenis BURNIC,Bosnia and Herzegovina,MF,,12.0,37.2,14.8,12.6,30.4,Distribuidor seguro
EDERSON,Brazil,GK,,,,,,9.1,Goleiro
EDERSON SILVA,Brazil,MF,,8.2,53.2,28.5,21.1,32.6,Distribuidor seguro
EDMILSON JUNIOR,Qatar,FW,,37.8,36.6,51.4,60.6,64.9,Defensor sem bola
EHSAN HADDAD,Jordan,DF,,52.1,34.7,64.9,73.5,85.9,Defensor sem bola
EMAM ASHOUR,Egypt,MF,,88.7,69.1,84.7,90.6,78.4,Motor físico
ENDRICK,Brazil,FW,,23.4,28.4,35.2,36.2,56.7,Defensor sem bola
EOM Jisung,Korea Republic,MF,,14.1,56.6,26.6,24.4,23.0,Distribuidor seguro
Eberechi EZE,England,MF,,37.5,39.5,43.3,47.3,54.4,Defensor sem bola
Edgar Yoel BARCENAS,Panama,MF,,68.9,67.2,66.0,72.4,76.7,Defensor sem bola
Edgardo FARINA,Panama,DF,,,,,,9.1,Defensor sem bola
Edin DZEKO,Bosnia and Herzegovina,FW,,39.9,24.8,59.8,46.2,64.8,Defensor sem bola
Edo KAYEMBE,Congo DR,MF,,38.7,45.5,55.4,56.6,85.7,Defensor sem bola
Edouard MENDY,Senegal,GK,,47.2,42.8,49.1,12.9,25.7,Goleiro
Edson ALVAREZ,Mexico,DF,,80.2,76.8,70.6,67.2,63.1,Construtor de volume
Egil SELVIK,Norway,GK,,29.6,17.3,6.3,8.7,19.9,Goleiro
Ehsan HAJISAFI,IR Iran,DF,,20.6,10.8,19.3,34.6,48.4,Defensor sem bola
El Hadji Malick DIOUF,Senegal,DF,,60.0,52.2,42.9,58.2,70.9,Defensor sem bola
Eldor SHOMURODOV,Uzbekistan,FW,,51.1,32.6,51.9,70.8,84.4,Defensor sem bola
Elias ACHOURI,Tunisia,FW,,12.0,37.2,19.5,24.9,41.3,Defensor sem bola
Elias SAAD,Tunisia,FW,,29.2,26.0,48.8,47.8,59.9,Defensor sem bola
Elijah JUST,New Zealand,MF,,64.5,59.5,64.8,84.7,91.8,Defensor sem bola
Elisha OWUSU,Ghana,MF,,47.1,51.5,48.5,52.0,62.6,Defensor sem bola
Elliot ANDERSON,England,MF,,97.9,84.6,87.4,98.9,99.7,Defensor sem bola
Elliot STROUD,Sweden,DF,,42.0,33.9,37.7,55.5,69.4,Defensor sem bola
Ellyes SKHIRI,Tunisia,MF,,69.5,73.2,55.6,57.2,69.0,Distribuidor seguro
Eloy ROOM,Curaçao,GK,,52.9,25.2,48.7,17.0,28.2,Goleiro
Elye WAHI,Côte d'Ivoire,FW,,23.1,18.6,40.7,40.1,61.0,Defensor sem bola
Emiliano MARTINEZ,Argentina,GK,,83.5,53.4,64.6,33.4,35.4,Goleiro distribuidor
Emiliano MARTINEZ,Uruguay,MF,,,,,,9.1,Defensor sem bola
Emmanuel AGBADOU,Côte d'Ivoire,DF,,81.2,81.6,51.1,57.2,66.0,Distribuidor seguro
Enner VALENCIA,Ecuador,FW,,37.5,39.5,55.6,62.9,72.7,Defensor sem bola
Enzo FERNANDEZ,Argentina,MF,,98.5,89.7,91.8,98.1,94.7,Construtor de volume
Eray COEMERT,Switzerland,DF,,8.2,53.2,27.9,12.6,28.2,Distribuidor seguro
Eren ELMALI,Türkiye,DF,,48.1,56.8,41.3,38.8,50.1,Distribuidor seguro
Eric DAVIS,Panama,DF,,9.5,12.1,24.0,11.9,24.7,Defensor sem bola
Eric GARCIA,Spain,DF,,,,,,9.1,Defensor sem bola
Eric SMITH,Sweden,DF,,,,,,9.1,Defensor sem bola
Erik LIRA,Mexico,MF,,88.2,83.5,82.6,86.1,88.6,Defensor sem bola
Erling HAALAND,Norway,FW,,40.0,27.6,45.6,86.4,92.6,Defensor sem bola
Ermedin DEMIROVIC,Bosnia and Herzegovina,FW,,35.6,27.1,42.6,83.8,93.7,Defensor sem bola
Ermin MAHMIC,Bosnia and Herzegovina,MF,,20.8,22.6,24.2,37.2,47.5,Defensor sem bola
Ernest NUAMAH,Ghana,FW,,28.5,19.6,36.1,38.3,56.4,Defensor sem bola
Esmir BAJRAKTAREVIC,Bosnia and Herzegovina,FW,,52.9,45.8,59.4,71.2,81.5,Defensor sem bola
Evan NDICKA,Côte d'Ivoire,DF,,,,,,9.1,Defensor sem bola
Evann GUESSAND,Côte d'Ivoire,FW,,8.1,8.4,16.0,11.1,27.3,Defensor sem bola
Evidence MAKGOPA,South Africa,FW,,28.5,19.6,30.6,63.8,81.0,Defensor sem bola
Exequiel PALACIOS,Argentina,MF,,64.5,78.4,49.1,30.1,34.0,Distribuidor seguro
Ezri KONSA,England,DF,,99.2,96.0,87.4,92.1,87.7,Construtor de volume
FABINHO,Brazil,MF,,41.1,68.8,52.2,30.1,51.8,Distribuidor seguro
FAHAD TALIB,Iraq,GK,,,,,,9.1,Goleiro
FERAS ALBRIKAN,Saudi Arabia,FW,,40.0,21.6,28.0,69.2,94.7,Defensor sem bola
FRANCISCO CONCEICAO,Portugal,FW,,55.0,62.3,64.8,49.5,44.7,Jogador de apoio e recepção
FRANCISCO TRINCAO,Portugal,FW,,20.4,28.8,28.7,19.8,32.6,Defensor sem bola
FRANS PUTROS,Iraq,DF,,30.6,58.1,12.7,29.0,46.8,Distribuidor seguro
Fabian BALBUENA,Paraguay,DF,,0.9,0.9,1.0,1.0,9.1,Defensor sem bola
Fabian RIEDER,Switzerland,MF,,58.8,48.6,59.9,89.5,98.4,Defensor sem bola
Fabian RUIZ,Spain,MF,,85.2,85.0,85.9,57.0,62.8,Jogador de apoio e recepção
Facundo MEDINA,Argentina,DF,,78.0,83.7,59.2,66.7,77.4,Distribuidor seguro
Facundo PELLISTRI,Uruguay,FW,,,,,,9.1,Defensor sem bola
Fares CHAIBI,Algeria,MF,,92.1,82.5,83.8,91.7,95.8,Defensor sem bola
Fares GHEDJEMIS,Algeria,FW,,0.9,0.9,1.0,3.4,18.8,Defensor sem bola
Farrukh SAYFIEV,Uzbekistan,DF,,18.8,36.0,36.6,22.6,25.2,Jogador de apoio e recepção
Federico VALVERDE,Uruguay,MF,,71.2,54.5,56.8,58.8,72.7,Defensor sem bola
Federico VINAS,Uruguay,FW,,27.6,15.7,37.7,53.6,73.2,Defensor sem bola
Felix NMECHA,Germany,MF,,76.2,77.8,64.9,80.5,77.8,Motor físico
Felix TORRES,Ecuador,DF,,0.9,0.9,1.0,3.7,19.2,Defensor sem bola
Ferdi KADIOGLU,Türkiye,DF,,84.8,82.9,73.7,54.6,42.9,Construtor de volume
Fernando MUSLERA,Uruguay,GK,,52.5,43.7,56.0,16.0,26.0,Goleiro
Ferran TORRES,Spain,FW,,51.6,37.1,62.1,66.1,72.9,Defensor sem bola
Fidel ESCOBAR,Panama,DF,,27.9,23.2,24.8,30.9,45.0,Defensor sem bola
Findlay CURTIS,Scotland,FW,,5.1,51.4,12.7,13.7,27.7,Distribuidor seguro
Finn SURMAN,New Zealand,DF,,79.1,82.2,77.3,66.8,61.6,Distribuidor seguro
Firas CHAOUAT,Tunisia,FW,,11.3,55.1,49.3,25.2,34.5,Distribuidor seguro
Fiston MAYELE,Congo DR,FW,,13.9,9.8,31.8,22.6,40.4,Defensor sem bola
Florian GRILLITSCH,Austria,MF,,49.5,65.2,44.9,34.2,58.0,Distribuidor seguro
Florian WIEGELE,Austria,GK,,,,,,9.1,Goleiro
Florian WIRTZ,Germany,MF,,93.2,66.4,76.8,95.4,91.0,Motor físico
Folarin BALOGUN,USA,FW,,37.4,23.2,64.4,79.4,80.3,Defensor sem bola
Francis DE VRIES,New Zealand,DF,,16.6,7.2,30.5,18.1,25.7,Jogador de apoio e recepção
Franck KESSIE,Côte d'Ivoire,MF,,86.2,74.8,60.5,91.7,92.8,Defensor sem bola
Frantzdy PIERROT,Haiti,FW,,20.8,22.6,21.1,46.0,54.4,Defensor sem bola
Fredrik AURSNES,Norway,MF,,84.5,75.8,76.8,89.8,82.1,Motor físico
Fredrik Andre BJORKAN,Norway,DF,,25.2,50.2,40.4,22.0,45.5,Distribuidor seguro
Frenkie DE JONG,Netherlands,MF,,92.3,86.8,88.7,77.7,87.7,Construtor de volume
GABRIEL MAGALHAES,Brazil,DF,,99.2,95.4,69.6,86.5,75.6,Construtor de volume
GABRIEL MARTINELLI,Brazil,FW,,51.5,64.5,63.2,51.1,60.1,Distribuidor seguro
GARRY RODRIGUES,Cabo Verde,MF,,18.1,23.5,26.7,33.4,36.9,Defensor sem bola
GAVI,Spain,MF,,33.3,60.4,45.8,33.1,52.6,Distribuidor seguro
GILSON BENCHIMOL,Cabo Verde,FW,,15.4,27.4,26.5,33.8,57.1,Defensor sem bola
GONCALO GUEDES,Portugal,FW,,,,,,9.1,Defensor sem bola
GONCALO INACIO,Portugal,DF,,,,,,9.1,Defensor sem bola
GONCALO RAMOS,Portugal,FW,,15.8,46.4,15.6,27.0,45.5,Distribuidor seguro
Gabriel AVALOS,Paraguay,FW,,22.4,11.2,20.9,45.3,57.1,Defensor sem bola
Gabriel GUDMUNDSSON,Sweden,DF,,76.5,49.2,59.4,76.4,78.8,Defensor sem bola
Gael KAKUTA,Congo DR,FW,,,,,,9.1,Defensor sem bola
Garven METUSALA,Haiti,DF,,,,,,9.1,Defensor sem bola
Gaston OLVEIRA,Paraguay,GK,,,,,,9.1,Goleiro
Gatito FERNANDEZ,Paraguay,GK,,,,,,9.1,Goleiro
Gedeon KALULU,Congo DR,DF,,8.9,26.9,35.8,6.0,21.4,Jogador de apoio e recepção
George HIRST,Scotland,FW,,,,,,9.1,Defensor sem bola
Geronimo RULLI,Argentina,GK,,,,,,9.1,Goleiro
Gervane KASTANEER,Curaçao,FW,,12.7,20.0,52.9,17.1,35.9,Jogador de apoio e recepção
Gessime YASSINE,Morocco,MF,,37.8,49.5,37.5,33.0,39.7,Distribuidor seguro
Ghislain KONAN,Côte d'Ivoire,DF,,78.5,61.0,68.9,69.6,79.1,Defensor sem bola
Gideon MENSAH,Ghana,DF,,84.4,68.5,58.1,81.5,90.8,Defensor sem bola
Gilberto MORA,Mexico,MF,,60.5,68.9,69.4,70.1,69.2,Motor físico
Giorgian DE ARRASCAETA,Uruguay,MF,,,,,,9.1,Defensor sem bola
Giovani LO CELSO,Argentina,MF,,44.5,63.4,55.2,26.0,32.0,Distribuidor seguro
Giovanni REYNA,USA,MF,,62.1,54.6,69.5,53.7,55.5,Jogador de apoio e recepção
Giuliano SIMEONE,Argentina,FW,,37.6,64.4,59.5,28.4,30.4,Distribuidor seguro
Godfried ROEMERATOE,Curaçao,MF,,3.6,1.6,1.0,2.9,23.6,Defensor sem bola
Gonzalo MONTIEL,Argentina,DF,,49.8,49.1,42.7,45.6,40.1,Construtor de volume
Gonzalo PLATA,Ecuador,FW,,77.3,55.6,78.9,90.8,95.0,Defensor sem bola
Gonzalo VALLE,Ecuador,GK,,,,,,9.1,Goleiro
Granit XHAKA,Switzerland,MF,,99.5,87.8,90.0,98.2,98.2,Construtor de volume
Grant HANLEY,Scotland,DF,,66.8,76.7,61.9,42.3,45.8,Distribuidor seguro
Gregor KOBEL,Switzerland,GK,,91.3,54.7,72.2,36.2,36.9,Goleiro distribuidor
Guela DOUE,Côte d'Ivoire,DF,,82.2,72.6,54.8,74.1,79.8,Construtor de volume
Guillermo MARTINEZ,Mexico,FW,,18.1,50.6,31.7,29.7,55.3,Defensor sem bola
Guillermo OCHOA,Mexico,GK,,9.9,4.5,27.9,1.5,9.1,Goleiro
Guillermo VARELA,Uruguay,DF,,76.2,71.8,65.7,76.8,61.3,Motor físico
Gustaf LAGERBIELKE,Sweden,DF,,88.5,67.4,71.4,81.0,85.8,Construtor de volume
Gustaf NILSSON,Sweden,FW,,2.9,2.6,16.0,1.6,20.5,Defensor sem bola
Gustavo CABALLERO,Paraguay,MF,,10.2,7.7,42.7,39.1,47.9,Defensor sem bola
Gustavo GOMEZ,Paraguay,DF,,61.7,63.2,43.7,77.3,81.5,Defensor sem bola
Gustavo PUERTA,Colombia,DF,,95.5,86.0,82.0,96.0,97.4,Defensor sem bola
Gustavo VELAZQUEZ,Paraguay,DF,,54.4,33.5,47.0,51.2,62.4,Defensor sem bola
Guus TIL,Netherlands,MF,,12.0,37.2,18.0,19.1,35.4,Distribuidor seguro
HAISSEM HASSAN,Egypt,FW,,38.7,45.5,77.4,42.7,52.6,Jogador de apoio e recepção
HAMDY FATHY,Egypt,MF,,75.8,77.4,66.6,63.9,85.0,Defensor sem bola
HAMZA ABDELKARIM,Egypt,FW,,13.3,13.1,59.3,33.2,42.9,Jogador de apoio e recepção
HASSAN ALHAYDOS,Qatar,FW,,17.6,15.9,26.1,31.9,48.6,Defensor sem bola
HASSAN ALTAMBAKTI,Saudi Arabia,DF,,58.8,48.6,43.9,53.0,59.6,Defensor sem bola
HASSAN KADISH,Saudi Arabia,DF,,,,,,9.1,Defensor sem bola
HELIO VARELA,Cabo Verde,MF,,31.5,58.8,46.3,42.9,51.5,Distribuidor seguro
HOMAM AHMED,Qatar,DF,,32.2,27.2,37.9,39.5,62.1,Defensor sem bola
HOSSAM ABDELMAGUID,Egypt,DF,,33.2,47.7,36.6,21.6,42.9,Distribuidor seguro
HUSAM ABUDAHAB,Jordan,DF,,45.2,31.5,25.5,50.0,62.3,Defensor sem bola
HUSSEIN ALI,Iraq,DF,,37.0,35.2,25.3,46.0,48.1,Defensor sem bola
HWANG Heechan,Korea Republic,MF,,41.8,46.5,66.3,39.0,38.3,Jogador de apoio e recepção
HWANG Inbeom,Korea Republic,MF,,89.8,78.0,89.1,70.8,70.9,Construtor de volume
Habib DIARRA,Senegal,MF,,47.0,70.6,46.3,51.9,66.0,Distribuidor seguro
Haji WRIGHT,USA,FW,,2.4,50.0,37.1,3.8,18.4,Distribuidor seguro
Hakan CALHANOGLU,Türkiye,MF,,87.0,79.9,71.7,57.7,50.1,Construtor de volume
Hannes DELCROIX,Haiti,DF,,81.2,87.9,41.0,63.4,61.6,Distribuidor seguro
Hannibal MEJBRI,Tunisia,MF,,70.8,46.6,74.9,70.4,87.2,Defensor sem bola
Hans VANAKEN,Belgium,MF,,82.8,84.5,70.6,89.4,95.9,Defensor sem bola
Haris TABAKOVIC,Bosnia and Herzegovina,FW,,2.4,50.0,40.8,5.8,9.1,Distribuidor seguro
Harry KANE,England,FW,,56.9,39.8,61.5,98.3,99.4,Defensor sem bola
Harry SOUTTAR,Australia,DF,,87.6,70.8,36.4,72.8,74.6,Construtor de volume
Hazem MASTOURI,Tunisia,FW,,13.3,13.1,8.9,30.1,47.7,Defensor sem bola
Henrik FALCHENER,Norway,DF,,25.6,27.0,1.0,21.4,26.5,Distribuidor seguro
Herman JOHANSSON,Sweden,DF,,,,,,9.1,Defensor sem bola
Hernan GALINDEZ,Ecuador,GK,,62.4,33.9,55.4,18.0,28.6,Goleiro
Hicham BOUDAOUI,Algeria,MF,,61.3,78.5,50.8,51.1,61.6,Distribuidor seguro
Hiroki ITO,Japan,DF,,88.1,78.8,69.9,76.9,71.5,Construtor de volume
Hjalmar EKDAL,Sweden,DF,,,,,,9.1,Defensor sem bola
Hossein HOSSEINI,IR Iran,GK,,,,,,9.1,Goleiro
Hossein KANANI,IR Iran,DF,,35.9,65.8,9.3,32.1,48.4,Distribuidor seguro
Houssem AOUAR,Algeria,MF,,60.1,74.9,59.4,54.8,62.6,Distribuidor seguro
Hugo SOCHUREK,Czechia,MF,,,,,,9.1,Defensor sem bola
IBRAHIM ADEL,Egypt,FW,,8.1,8.4,18.8,6.2,22.0,Defensor sem bola
IBRAHIM BAYESH,Iraq,MF,,42.2,43.6,43.5,67.1,92.7,Defensor sem bola
IBRAHIM SADEH,Jordan,MF,,,,,,9.1,Defensor sem bola
IGOR THIAGO,Brazil,FW,,7.4,20.6,55.8,27.8,43.6,Jogador de apoio e recepção
ISSA LAYE,Qatar,DF,,62.5,77.0,44.1,64.6,67.7,Distribuidor seguro
Ibrahim MAZA,Algeria,MF,,75.9,52.1,74.5,88.7,96.5,Defensor sem bola
Ibrahim MBAYE,Senegal,FW,,53.1,71.5,72.0,52.4,50.8,Jogador de apoio e recepção
Ibrahim SANGARE,Côte d'Ivoire,MF,,87.1,81.0,67.1,74.5,90.6,Defensor sem bola
Ibrahima KONATE,France,DF,,15.8,46.4,16.0,3.3,24.1,Distribuidor seguro
Idrissa Gana GUEYE,Senegal,MF,,93.8,83.0,84.2,83.5,89.5,Construtor de volume
Igor MATANOVIC,Croatia,FW,,19.2,26.4,22.7,42.0,55.3,Defensor sem bola
Igor SERGEEV,Uzbekistan,FW,,6.7,52.4,15.1,12.0,36.3,Distribuidor seguro
Iliman NDIAYE,Senegal,FW,,48.5,60.7,64.4,44.8,47.2,Jogador de apoio e recepção
Ime OKON,South Africa,DF,,94.9,87.2,59.0,87.6,71.4,Construtor de volume
Inaki WILLIAMS,Ghana,FW,,24.0,15.2,31.3,37.7,53.0,Defensor sem bola
Iqraam RAYNERS,South Africa,FW,,27.4,44.8,44.5,53.9,73.2,Defensor sem bola
Irfan Can KAHVECI,Türkiye,FW,,3.6,50.6,6.3,5.1,18.8,Distribuidor seguro
Isak HIEN,Sweden,DF,,75.9,84.3,54.7,48.3,58.1,Distribuidor seguro
Isidro PITTA,Paraguay,FW,,5.8,13.4,40.8,21.8,39.4,Jogador de apoio e recepção
Ismael DIAZ,Panama,MF,,20.0,39.0,31.8,25.1,36.9,Distribuidor seguro
Ismael GHARBI,Tunisia,MF,,37.4,66.7,44.0,43.7,59.3,Distribuidor seguro
Ismael KONE,Canada,MF,,67.9,61.5,50.9,41.5,47.2,Construtor de volume
Ismael SAIBARI,Morocco,MF,,62.6,55.2,67.3,95.8,96.5,Defensor sem bola
Ismail JAKOBS,Senegal,DF,,72.0,73.8,57.0,75.2,69.9,Motor físico
Ismail YUKSEK,Türkiye,MF,,70.8,79.5,62.5,38.7,56.9,Distribuidor seguro
Ismaila SARR,Senegal,FW,,53.0,40.2,58.6,93.9,96.0,Defensor sem bola
Israel REYES,Mexico,DF,,66.5,72.7,61.3,50.4,57.1,Distribuidor seguro
Issa DIOP,Morocco,DF,,96.7,87.8,68.1,79.4,75.6,Construtor de volume
Ivan BASIC,Bosnia and Herzegovina,MF,,67.7,75.9,77.1,52.9,60.4,Jogador de apoio e recepção
Ivan PERISIC,Croatia,FW,,79.3,71.7,71.0,88.1,88.6,Defensor sem bola
Ivan SUNJIC,Bosnia and Herzegovina,MF,,65.7,61.1,51.4,70.2,78.4,Defensor sem bola
Ivan TONEY,England,FW,,,,,,9.1,Defensor sem bola
Ivor PANDUR,Croatia,GK,,,,,,9.1,Goleiro
JALAL HASSAN,Iraq,GK,,40.5,22.7,36.6,8.4,23.6,Goleiro
JAMIRO MONTEIRO,Cabo Verde,MF,,66.2,52.8,70.1,70.7,85.0,Defensor sem bola
JASSEM GABER,Qatar,DF,,31.9,29.6,45.6,45.4,74.6,Defensor sem bola
JEHAD THIKRI,Saudi Arabia,DF,,,,,,9.1,Defensor sem bola
JO Hyeonwoo,Korea Republic,GK,,,,,,9.1,Goleiro
JOAO CANCELO,Portugal,DF,,85.2,72.2,70.7,80.6,82.3,Construtor de volume
JOAO FELIX,Portugal,FW,,46.6,37.1,59.1,59.0,76.7,Defensor sem bola
JOAO NEVES,Portugal,MF,,93.8,91.8,78.5,95.0,99.1,Defensor sem bola
JOAO PAULO,Cabo Verde,MF,,48.7,47.8,41.0,36.6,56.4,Defensor sem bola
JOSE SA,Portugal,GK,,,,,,9.1,Goleiro
JOVANE CABRAL,Cabo Verde,MF,,33.5,32.6,44.4,42.5,79.8,Defensor sem bola
Jack HENDRY,Scotland,DF,,86.1,88.9,71.9,72.0,50.8,Distribuidor seguro
Jackson IRVINE,Australia,MF,,72.5,57.9,64.7,79.3,79.1,Motor físico
Jackson POROZO,Ecuador,DF,,17.5,58.2,1.0,12.1,19.9,Distribuidor seguro
Jacob ITALIANO,Australia,DF,,38.4,31.6,43.3,62.0,83.3,Defensor sem bola
Jacob SHAFFELBURG,Canada,MF,,39.2,57.0,61.1,51.5,45.8,Jogador de apoio e recepção
Jacob WIDELL ZETTERSTROM,Sweden,GK,,47.9,22.8,11.6,14.0,29.2,Goleiro
Jakhongir UROZOV,Uzbekistan,DF,,38.0,24.0,18.8,32.6,43.2,Defensor sem bola
Jamal MUSIALA,Germany,MF,,65.5,53.8,81.2,79.2,79.8,Jogador de apoio e recepção
James RODRIGUEZ,Colombia,MF,,91.1,68.7,85.6,47.5,91.3,Defensor sem bola
James TRAFFORD,England,GK,,,,,,9.1,Goleiro
Jamie LEWELING,Germany,MF,,18.1,23.5,34.5,17.6,31.5,Jogador de apoio e recepção
Jaminton CAMPAZ,Colombia,FW,,20.4,14.2,22.8,38.2,51.2,Defensor sem bola
Jamshid ISKANDEROV,Uzbekistan,MF,,19.4,12.6,24.1,10.1,21.0,Jogador de apoio e recepção
Jan KUCHTA,Czechia,FW,,,,,,9.1,Defensor sem bola
Jan Paul VAN HECKE,Netherlands,DF,,97.4,90.9,74.0,78.0,81.5,Construtor de volume
Jaouen HADJAM,Algeria,DF,,51.2,48.6,26.5,43.3,45.3,Construtor de volume
Jarell QUANSAH,England,DF,,53.0,56.8,40.4,37.6,47.5,Distribuidor seguro
Jaroslav ZELENY,Czechia,DF,,40.3,29.6,26.1,43.0,58.7,Defensor sem bola
Jason GERIA,Australia,DF,,25.6,27.0,35.8,24.3,46.8,Defensor sem bola
Jayden ADAMS,South Africa,MF,,41.0,59.4,39.4,41.1,55.8,Distribuidor seguro
Jayden NELSON,Canada,FW,,10.9,16.0,40.8,5.9,21.4,Jogador de apoio e recepção
Jean Michael SERI,Côte d'Ivoire,MF,,22.1,55.5,34.5,9.2,27.0,Distribuidor seguro
Jean-Kevin DUVERNE,Haiti,DF,,52.7,52.6,62.5,50.7,75.8,Defensor sem bola
Jean-Philippe MATETA,France,FW,,5.1,51.4,18.3,17.7,34.8,Distribuidor seguro
Jean-Ricner BELLEGARDE,Haiti,MF,,74.8,65.0,73.6,75.7,79.8,Defensor sem bola
Jearl MARGARITHA,Curaçao,FW,,12.9,56.0,23.9,22.7,37.6,Distribuidor seguro
Jefferson LERMA,Colombia,MF,,93.9,79.4,81.0,93.2,91.3,Construtor de volume
Jens Petter HAUGE,Norway,MF,,4.2,6.6,35.8,9.9,28.6,Jogador de apoio e recepção
Jeremy ANTONISSE,Curaçao,FW,,32.9,23.2,29.1,35.7,52.1,Defensor sem bola
Jeremy AREVALO,Ecuador,FW,,,,,,9.1,Defensor sem bola
Jeremy DOKU,Belgium,FW,,60.2,50.3,71.7,84.3,91.5,Defensor sem bola
Jerome OPOKU,Ghana,DF,,69.8,55.6,47.1,57.0,51.0,Construtor de volume
Jesper KARLSTROM,Sweden,MF,,35.9,41.1,35.9,42.1,56.4,Defensor sem bola
Jesse RANDALL,New Zealand,FW,,20.8,22.6,30.7,35.4,35.4,Motor físico
Jesus GALLARDO,Mexico,DF,,81.9,63.6,68.7,81.9,89.2,Defensor sem bola
Jhon ARIAS,Colombia,MF,,92.3,91.0,81.9,83.9,87.0,Construtor de volume
Jhon CORDOBA,Colombia,FW,,15.9,18.5,26.5,28.6,41.8,Defensor sem bola
Jhon LUCUMI,Colombia,DF,,95.3,87.6,53.4,77.6,70.4,Construtor de volume
Jindrich STANEK,Czechia,GK,,,,,,9.1,Goleiro
Jiovany RAMOS,Panama,DF,,72.8,71.1,50.2,46.5,55.3,Construtor de volume
Joan GARCIA,Spain,GK,,,,,,9.1,Goleiro
Joaquin PIQUEREZ,Uruguay,MF,,,,,,9.1,Defensor sem bola
Joaquin SEYS,Belgium,DF,,11.3,55.1,27.9,13.0,49.1,Distribuidor seguro
Joe BELL,New Zealand,MF,,77.4,61.7,78.5,77.3,81.9,Defensor sem bola
Joe SCALLY,USA,DF,,44.8,51.8,54.4,37.3,46.3,Jogador de apoio e recepção
Joel ORDONEZ,Ecuador,DF,,70.6,70.3,45.0,54.4,63.7,Construtor de volume
Joel WATERMAN,Canada,DF,,,,,,9.1,Defensor sem bola
Johan MANZAMBI,Switzerland,MF,,44.4,38.2,63.6,66.3,73.8,Defensor sem bola
Johan MOJICA,Colombia,DF,,87.1,59.1,72.4,90.3,79.3,Motor físico
Johan VASQUEZ,Mexico,DF,,91.8,88.6,66.8,83.3,65.6,Construtor de volume
John McGINN,Scotland,MF,,45.5,48.8,48.1,65.5,72.3,Defensor sem bola
John SOUTTAR,Scotland,DF,,,,,,9.1,Defensor sem bola
John STONES,England,DF,,80.0,86.8,68.6,54.0,52.3,Distribuidor seguro
John YEBOAH,Ecuador,FW,,65.3,51.8,72.2,79.9,67.7,Motor físico
Johny PLACIDE,Haiti,GK,,61.8,32.2,43.8,13.3,27.3,Goleiro
Jonas ADJETEY,Ghana,DF,,72.2,67.0,57.9,58.7,52.3,Construtor de volume
Jonathan DAVID,Canada,FW,,63.1,39.8,78.0,97.3,99.0,Defensor sem bola
Jonathan OSORIO,Canada,MF,,11.6,10.0,38.4,8.0,21.7,Jogador de apoio e recepção
Jonathan TAH,Germany,DF,,98.2,96.0,75.4,79.6,62.8,Construtor de volume
Jordan AYEW,Ghana,FW,,39.5,25.8,44.3,82.5,97.8,Defensor sem bola
Jordan BOS,Australia,DF,,68.1,66.2,66.1,85.6,90.4,Defensor sem bola
Jordan HENDERSON,England,MF,,18.1,50.6,45.1,9.1,23.0,Distribuidor seguro
Jordan PICKFORD,England,GK,,88.5,53.4,71.6,44.7,42.4,Goleiro distribuidor
Jordy ALCIVAR,Ecuador,MF,,34.6,61.6,36.2,19.5,31.5,Distribuidor seguro
Jordy CAICEDO,Ecuador,FW,,9.7,54.0,36.6,16.9,33.0,Distribuidor seguro
Jorge CARRASCAL,Colombia,MF,,,,,,9.1,Defensor sem bola
Jorge GUTIERREZ,Panama,DF,,26.1,34.0,14.1,31.1,49.7,Defensor sem bola
Jorge SANCHEZ,Mexico,DF,,76.3,80.0,55.0,91.3,88.2,Motor físico
Jorgen STRAND LARSEN,Norway,FW,,26.1,23.4,33.1,34.0,61.0,Defensor sem bola
Joris KAYEMBE,Congo DR,DF,,26.6,28.8,39.2,25.7,40.1,Defensor sem bola
Jorrel HATO,Netherlands,DF,,4.9,3.2,16.0,16.5,44.7,Defensor sem bola
Jose CANALE,Paraguay,DF,,27.0,17.4,35.3,35.0,47.5,Defensor sem bola
Jose CORDOBA,Panama,DF,,86.1,84.6,51.8,68.8,57.4,Construtor de volume
Jose FAJARDO,Panama,FW,,19.7,11.7,35.2,56.8,70.2,Defensor sem bola
Jose Luis RODRIGUEZ,Panama,MF,,40.8,28.6,51.6,64.0,67.7,Defensor sem bola
Jose Manuel LOPEZ,Argentina,FW,,6.0,53.8,48.9,15.0,26.5,Distribuidor seguro
Jose Maria GIMENEZ,Uruguay,DF,,,,,,9.1,Defensor sem bola
Joseph ANANG,Ghana,GK,,,,,,9.1,Goleiro
Joshua BRENET,Curaçao,DF,,47.8,37.0,43.3,52.0,73.5,Defensor sem bola
Joshua KIMMICH,Germany,DF,,97.7,87.6,79.7,89.1,76.4,Construtor de volume
Josip STANISIC,Croatia,DF,,81.3,68.6,69.7,87.5,86.9,Motor físico
Josip SUTALO,Croatia,DF,,93.6,83.6,69.9,79.6,66.6,Construtor de volume
Josko GVARDIOL,Croatia,DF,,60.4,59.0,42.5,52.9,55.0,Construtor de volume
Josue CASIMIR,Haiti,FW,,44.0,43.1,54.6,58.9,73.2,Defensor sem bola
Josue DUVERGER,Haiti,GK,,,,,,9.1,Goleiro
Jovo LUKIC,Bosnia and Herzegovina,FW,,15.0,8.3,11.6,28.5,54.6,Defensor sem bola
Juan Jose CACERES,Paraguay,DF,,68.8,34.4,59.8,92.8,99.8,Defensor sem bola
Juan MUSSO,Argentina,GK,,,,,,9.1,Goleiro
Juan Manuel SANABRIA,Uruguay,MF,,66.2,61.6,55.1,67.0,68.3,Defensor sem bola
Juan PORTILLA,Colombia,MF,,,,,,9.1,Defensor sem bola
Juan QUINTERO,Colombia,MF,,60.0,52.2,72.5,40.1,50.4,Jogador de apoio e recepção
Jude BELLINGHAM,England,MF,,86.7,66.0,74.6,98.8,98.1,Motor físico
Juergen LOCADIA,Curaçao,FW,,41.3,33.2,53.8,56.0,70.2,Defensor sem bola
Jules KOUNDE,France,DF,,96.2,85.3,79.4,97.9,96.6,Motor físico
Julian ALVAREZ,Argentina,FW,,79.8,66.1,71.7,94.9,98.0,Defensor sem bola
Julian QUINONES,Mexico,FW,,75.2,57.2,76.2,95.5,97.0,Defensor sem bola
Julian RYERSON,Norway,FW,,79.1,71.3,26.1,60.5,66.3,Construtor de volume
Julio ENCISO,Paraguay,FW,,51.3,43.8,69.7,94.2,99.3,Defensor sem bola
Juninho BACUNA,Curaçao,MF,,54.3,44.0,51.3,70.4,94.2,Defensor sem bola
Junior ALONSO,Paraguay,DF,,64.3,31.4,31.8,82.8,99.0,Defensor sem bola
Junnosuke SUZUKI,Japan,DF,,10.3,31.8,18.8,22.9,44.3,Defensor sem bola
Junya ITO,Japan,MF,,57.3,40.6,71.0,59.6,70.0,Jogador de apoio e recepção
Jurien GAARI,Curaçao,DF,,43.9,33.0,37.1,43.9,60.9,Defensor sem bola
Justin KLUIVERT,Netherlands,MF,,11.3,55.1,30.0,15.1,30.0,Distribuidor seguro
KARIM BOUDIAF,Qatar,MF,,54.1,72.4,57.1,36.8,50.6,Distribuidor seguro
KARIM HAFEZ,Egypt,DF,,70.3,66.6,62.0,52.9,64.3,Construtor de volume
KELVIN PIRES,Cabo Verde,DF,,,,,,9.1,Defensor sem bola
KEVIN PINA,Cabo Verde,MF,,80.3,66.8,74.6,78.0,90.5,Defensor sem bola
KEVIN YAKOB,Iraq,MF,,15.9,18.5,19.0,15.1,38.3,Defensor sem bola
KHALID ALGHANNAM,Saudi Arabia,FW,,0.9,0.9,1.0,2.0,24.1,Defensor sem bola
KIM Jingyu,Korea Republic,MF,,48.2,71.5,41.0,24.8,34.0,Distribuidor seguro
KIM Minjae,Korea Republic,DF,,91.5,93.2,64.4,59.8,57.8,Distribuidor seguro
KIM Moonhwan,Korea Republic,DF,,28.1,46.4,27.1,31.3,41.8,Distribuidor seguro
KIM Seunggyu,Korea Republic,GK,,67.8,41.7,52.5,21.6,34.6,Goleiro
KIM Taehyeon,Korea Republic,DF,,,,,,9.1,Defensor sem bola
Kaan AYHAN,Türkiye,MF,,3.6,1.6,16.0,5.7,19.4,Defensor sem bola
Kai HAVERTZ,Germany,FW,,71.3,63.6,69.8,93.4,86.3,Motor físico
Kai TREWIN,Australia,DF,,32.5,46.4,40.4,28.7,43.9,Distribuidor seguro
Kaishu SANO,Japan,MF,,76.6,83.8,56.1,76.5,86.3,Defensor sem bola
Kalidou KOULIBALY,Senegal,DF,,58.8,62.0,47.9,39.1,44.7,Distribuidor seguro
Kamaldeen SULEMANA,Ghana,FW,,32.5,46.4,43.7,44.2,68.5,Defensor sem bola
Kamogelo SEBELEBELE,South Africa,FW,,7.4,20.6,36.6,9.4,21.4,Jogador de apoio e recepção
Keeto THERMONCY,Haiti,DF,,,,,,9.1,Defensor sem bola
Keisuke GOTO,Japan,FW,,2.4,50.0,8.9,6.8,25.7,Distribuidor seguro
Keisuke OSAKO,Japan,GK,,,,,,9.1,Goleiro
Keito NAKAMURA,Japan,MF,,71.2,61.4,75.5,87.4,87.5,Defensor sem bola
Ken SEMA,Sweden,MF,,5.1,51.4,7.2,8.2,23.6,Distribuidor seguro
Kenan YILDIZ,Türkiye,FW,,72.8,71.1,70.4,55.3,50.6,Construtor de volume
Kendry PAEZ,Ecuador,MF,,14.8,44.0,35.0,12.2,24.7,Distribuidor seguro
Kenji GORRE,Curaçao,FW,,2.0,0.6,37.1,9.9,25.2,Jogador de apoio e recepção
Kenny McLEAN,Scotland,MF,,50.2,59.7,63.3,42.5,51.5,Jogador de apoio e recepção
Kento SHIOGAI,Japan,FW,,2.4,50.0,34.5,8.2,22.4,Distribuidor seguro
Kerem AKTURKOGLU,Türkiye,FW,,17.6,10.5,35.1,42.6,53.8,Defensor sem bola
Kerim ALAJBEGOVIC,Bosnia and Herzegovina,FW,,58.9,41.6,77.1,75.7,82.7,Defensor sem bola
Kevin CASTANO,Colombia,MF,,20.0,59.4,34.5,14.9,30.0,Distribuidor seguro
Kevin DANSO,Austria,DF,,82.6,76.7,41.7,60.0,58.3,Construtor de volume
Kevin DE BRUYNE,Belgium,MF,,84.6,63.0,78.0,93.8,95.0,Defensor sem bola
Kevin FELIDA,Curaçao,MF,,,,,,9.1,Defensor sem bola
Kevin RODRIGUEZ,Ecuador,FW,,29.0,40.1,41.6,47.4,51.5,Defensor sem bola
Khalil AYARI,Tunisia,MF,,,,,,9.1,Defensor sem bola
Khojiakbar ALIJONOV,Uzbekistan,DF,,35.4,20.6,50.1,50.3,71.5,Defensor sem bola
Khuliso MUDAU,South Africa,DF,,86.3,79.2,51.5,85.3,85.6,Construtor de volume
Khulumani NDAMANE,South Africa,DF,,,,,,9.1,Defensor sem bola
Kieran TIERNEY,Scotland,DF,,41.1,30.8,52.9,37.7,56.1,Defensor sem bola
Kobbie MAINOO,England,MF,,,,,,9.1,Defensor sem bola
Kojo Peprah OPPONG,Ghana,DF,,26.4,59.6,39.0,18.9,30.4,Distribuidor seguro
Koki OGAWA,Japan,FW,,6.5,5.4,24.4,22.7,33.1,Defensor sem bola
Koni DE WINTER,Belgium,DF,,,,,,9.1,Defensor sem bola
Konrad LAIMER,Austria,MF,,79.1,68.2,70.0,88.6,96.3,Defensor sem bola
Kosta BARBAROUSES,New Zealand,FW,,,,,,9.1,Defensor sem bola
Kou ITAKURA,Japan,DF,,70.9,83.6,64.1,32.5,37.8,Distribuidor seguro
Krepin DIATTA,Senegal,DF,,94.9,83.8,76.2,88.5,80.3,Construtor de volume
Kristian THORSTVEDT,Norway,MF,,26.6,28.8,33.2,32.4,49.7,Defensor sem bola
Kristijan JAKIC,Croatia,DF,,,,,,9.1,Defensor sem bola
Kristoffer AJER,Norway,DF,,94.5,90.9,77.8,89.4,82.6,Construtor de volume
Kristoffer NORDFELDT,Sweden,GK,,47.5,28.0,35.0,10.3,23.0,Goleiro
Kwasi SIBO,Ghana,MF,,63.8,77.9,50.9,72.9,83.5,Defensor sem bola
Kylian MBAPPE,France,FW,,85.5,73.5,81.3,88.4,88.6,Defensor sem bola
LAROS DUARTE,Cabo Verde,MF,,37.8,36.6,50.5,52.2,68.3,Defensor sem bola
LEE Donggyeong,Korea Republic,MF,,,,,,9.1,Defensor sem bola
LEE Gihyuk,Korea Republic,MF,,91.4,85.6,70.3,74.6,72.3,Construtor de volume
LEE Hanbeom,Korea Republic,DF,,88.5,83.6,60.9,70.9,73.2,Construtor de volume
LEE Jaesung,Korea Republic,MF,,46.2,36.4,67.8,47.5,57.1,Jogador de apoio e recepção
LEE Kangin,Korea Republic,MF,,81.1,72.8,88.1,57.6,68.6,Jogador de apoio e recepção
LEE Taeseok,Korea Republic,DF,,41.0,49.8,44.7,41.1,49.1,Distribuidor seguro
LEO PEREIRA,Brazil,DF,,,,,,9.1,Defensor sem bola
LOGAN COSTA,Cabo Verde,DF,,,,,,9.1,Defensor sem bola
LUCAS MENDES,Qatar,DF,,0.9,0.9,40.8,7.0,24.7,Jogador de apoio e recepção
LUCAS PAQUETA,Brazil,MF,,86.2,68.6,84.8,69.1,83.9,Construtor de volume
LUIZ HENRIQUE,Brazil,FW,,17.5,58.2,39.0,18.6,31.5,Distribuidor seguro
Lachlan BAYLISS,New Zealand,MF,,,,,,9.1,Defensor sem bola
Ladislav KREJCI,Czechia,DF,,80.7,63.8,65.9,68.3,69.9,Construtor de volume
Lamine CAMARA,Senegal,MF,,75.7,72.4,76.5,83.1,93.8,Defensor sem bola
Lamine YAMAL,Spain,FW,,85.0,71.8,85.8,82.6,76.4,Jogador de apoio e recepção
Lautaro MARTINEZ,Argentina,FW,,53.5,51.2,61.7,77.4,96.8,Defensor sem bola
Lawrence Ati ZIGI,Ghana,GK,,43.0,31.7,27.9,10.5,23.0,Goleiro
Lawrence SHANKLAND,Scotland,FW,,30.6,15.9,47.8,52.9,63.5,Defensor sem bola
Leandro BACUNA,Curaçao,MF,,73.4,64.8,66.2,63.6,92.2,Defensor sem bola
Leandro PAREDES,Argentina,MF,,99.5,94.7,94.5,74.7,67.3,Construtor de volume
Leandro TROSSARD,Belgium,FW,,87.6,70.8,67.5,99.0,98.4,Motor físico
Lenny JOSEPH,Haiti,FW,,22.0,14.2,29.3,37.1,50.1,Defensor sem bola
Leo OSTIGARD,Norway,DF,,64.2,56.8,51.9,38.5,39.7,Construtor de volume
Leon GORETZKA,Germany,MF,,30.2,27.4,40.2,35.8,46.1,Defensor sem bola
Leroy SANE,Germany,MF,,85.8,68.2,80.2,89.1,78.8,Motor físico
Lewis FERGUSON,Scotland,MF,,88.8,84.8,88.2,79.7,84.1,Construtor de volume
Liam KELLY,Scotland,GK,,,,,,9.1,Goleiro
Liam MILLAR,Canada,MF,,49.1,33.8,66.1,57.8,56.7,Jogador de apoio e recepção
Liberato CACACE,New Zealand,DF,,59.9,55.8,53.7,67.4,71.9,Defensor sem bola
Lionel MESSI,Argentina,FW,,93.0,61.6,92.4,84.3,91.8,Construtor de volume
Lionel MPASI,Congo DR,GK,,72.9,39.8,57.1,20.1,31.1,Goleiro distribuidor
Lisandro MARTINEZ,Argentina,DF,,98.3,93.4,62.1,82.3,74.8,Construtor de volume
Livano COMENENCIA,Curaçao,MF,,48.0,41.6,47.8,69.6,91.5,Defensor sem bola
Logan ROGERSON,New Zealand,FW,,,,,,9.1,Defensor sem bola
Louicius DEEDSON,Haiti,FW,,20.0,39.0,48.1,40.4,48.4,Defensor sem bola
Luc DE FOUGEROLLES,Canada,DF,,86.9,77.7,66.1,90.6,85.0,Motor físico
Luca JAQUEZ,Switzerland,DF,,37.0,29.4,47.0,28.8,40.9,Jogador de apoio e recepção
Luca ZIDANE,Algeria,GK,,66.6,64.5,41.3,21.3,28.6,Goleiro
Lucas BERGVALL,Sweden,MF,,61.0,69.6,69.1,58.7,67.0,Distribuidor seguro
Lucas DIGNE,France,DF,,90.6,80.8,49.6,83.0,77.1,Construtor de volume
Lucas HERNANDEZ,France,DF,,,,,,9.1,Defensor sem bola
Lucas HERRINGTON,Australia,DF,,69.0,81.2,57.3,46.0,55.8,Distribuidor seguro
Luis CHAVEZ,Mexico,MF,,31.5,65.6,53.7,14.5,23.0,Distribuidor seguro
Luis DIAZ,Colombia,FW,,82.6,71.6,78.9,95.3,78.6,Motor físico
Luis MEJIA,Panama,GK,,,,,,9.1,Goleiro
Luis ROMO,Mexico,MF,,67.4,65.4,73.1,82.0,74.3,Motor físico
Luis SUAREZ,Colombia,FW,,43.3,30.3,60.5,73.0,82.0,Defensor sem bola
Luka MODRIC,Croatia,MF,,92.7,83.8,87.1,78.0,69.3,Construtor de volume
Luka SUCIC,Croatia,MF,,3.6,1.6,24.0,13.0,26.5,Defensor sem bola
Luka VUSKOVIC,Croatia,DF,,40.1,53.5,12.7,22.4,30.4,Distribuidor seguro
Lukas CERV,Czechia,MF,,39.3,46.6,56.4,44.1,57.8,Defensor sem bola
Lukas HORNICEK,Czechia,GK,,,,,,9.1,Goleiro
Lukas PROVOD,Czechia,MF,,41.3,33.2,43.9,50.4,54.4,Defensor sem bola
Lutsharel GEERTRUIDA,Netherlands,DF,,,,,,9.1,Defensor sem bola
Lyle FOSTER,South Africa,FW,,5.0,1.6,18.0,19.7,39.7,Defensor sem bola
Lyndon DYKES,Scotland,FW,,13.9,9.8,24.0,23.9,43.9,Defensor sem bola
MAHDY SOLIMAN,Egypt,GK,,,,,,9.1,Goleiro
MAHMOUD ABUNADA,Qatar,GK,,54.5,25.7,42.1,16.6,28.2,Goleiro
MAHMOUD ALMARDI,Jordan,FW,,36.8,38.2,57.3,57.2,71.4,Defensor sem bola
MAHMOUD SABER,Egypt,MF,,34.6,50.2,55.5,26.7,28.0,Jogador de apoio e recepção
MARAWAN ATTIA,Egypt,MF,,97.0,79.6,89.7,98.4,99.6,Defensor sem bola
MARCIO ROSA,Cabo Verde,GK,,,,,,9.1,Goleiro
MARKO FARJI,Iraq,FW,,13.9,9.8,28.7,24.8,43.6,Defensor sem bola
MARQUINHOS,Brazil,DF,,98.2,95.6,74.1,86.9,79.8,Construtor de volume
MATHEUS CUNHA,Brazil,FW,,60.8,59.6,70.2,78.6,94.5,Defensor sem bola
MATHEUS NUNES,Portugal,MF,,2.4,50.0,35.2,1.5,18.3,Distribuidor seguro
MAURICIO,Paraguay,MF,,51.2,39.5,50.5,62.8,70.9,Defensor sem bola
MERCHAS DOSKI,Iraq,DF,,76.5,56.8,60.2,70.9,77.2,Defensor sem bola
MESHAAL BARSHAM,Qatar,GK,,,,,,9.1,Goleiro
MOHAMED ABDELMONEIM,Egypt,DF,,20.0,59.4,40.0,8.6,19.9,Distribuidor seguro
MOHAMED ALAA,Egypt,GK,,,,,,9.1,Goleiro
MOHAMED ELSHENAWY,Egypt,GK,,,,,,9.1,Goleiro
MOHAMED HANY,Egypt,DF,,94.6,76.4,82.7,93.7,94.5,Construtor de volume
MOHAMED KANNO,Saudi Arabia,MF,,67.8,77.7,60.1,59.8,80.9,Defensor sem bola
MOHAMED MANAI,Qatar,FW,,16.1,7.4,38.0,30.8,56.1,Defensor sem bola
MOHAMED SALAH,Egypt,FW,,75.5,57.7,79.6,92.7,96.2,Defensor sem bola
MOHAMMAD ABUALNADI,Jordan,DF,,31.1,28.2,41.3,27.6,42.4,Defensor sem bola
MOHAMMAD ABUGHOUSH,Jordan,MF,,,,,,9.1,Defensor sem bola
MOHAMMAD ABUHASHEESH,Jordan,DF,,5.1,51.4,1.0,9.0,25.2,Distribuidor seguro
MOHAMMAD ABUZRAIQ,Jordan,FW,,7.4,20.6,27.9,9.9,25.2,Jogador de apoio e recepção
MOHAMMAD ALDAOUD,Jordan,MF,,5.7,2.6,6.3,8.3,21.0,Defensor sem bola
MOHAMMED ABU ALSHAMAT,Saudi Arabia,DF,,48.6,40.4,64.4,50.0,72.3,Defensor sem bola
MOHAMMED ALOWAIS,Saudi Arabia,GK,,55.5,27.0,32.8,12.7,23.0,Goleiro
MOHAMMED MUNTARI,Qatar,FW,,,,,,9.1,Defensor sem bola
MOHANAD ALI,Iraq,FW,,2.9,2.6,40.8,13.2,28.0,Jogador de apoio e recepção
MOHANAD LASHIN,Egypt,MF,,86.8,76.6,87.5,89.7,98.6,Defensor sem bola
MOHANNAD ABUTAHA,Jordan,MF,,56.0,32.1,56.8,81.4,95.5,Defensor sem bola
MOSTAFA SHOUBIR,Egypt,GK,,76.8,50.8,46.0,28.0,35.9,Goleiro distribuidor
MOSTAFA ZICO,Egypt,MF,,55.0,32.0,58.8,96.1,97.8,Defensor sem bola
MOTEB ALHARBI,Saudi Arabia,DF,,53.8,35.6,39.0,58.1,77.0,Defensor sem bola
MOUSA ALTAMARI,Jordan,FW,,34.5,30.5,52.2,61.3,81.2,Defensor sem bola
MUNAF YOUNUS,Iraq,DF,,23.4,47.0,37.1,22.5,37.8,Distribuidor seguro
MUSAB ALJUWAYR,Saudi Arabia,MF,,55.9,46.2,54.5,58.1,79.5,Defensor sem bola
MUSTAFA SAADOON,Iraq,DF,,2.4,50.0,16.0,11.4,26.5,Distribuidor seguro
Maghnes AKLIOUCHE,France,MF,,9.5,12.1,16.6,6.5,27.7,Defensor sem bola
Malick THIAW,Germany,DF,,37.0,48.1,35.2,19.7,30.8,Distribuidor seguro
Malik TILLMAN,USA,MF,,80.2,54.7,58.1,93.9,94.0,Defensor sem bola
Malo GUSTO,France,DF,,34.3,64.7,46.0,18.2,36.1,Distribuidor seguro
Mamadou SARR,Senegal,DF,,,,,,9.1,Defensor sem bola
Manu KONE,France,MF,,91.4,87.8,78.1,78.0,92.2,Defensor sem bola
Manuel AKANJI,Switzerland,DF,,99.7,91.6,87.1,95.5,92.5,Construtor de volume
Manuel NEUER,Germany,GK,,75.5,77.2,50.2,31.5,37.3,Goleiro distribuidor
Manuel UGARTE,Uruguay,MF,,76.3,67.3,77.0,52.2,65.6,Jogador de apoio e recepção
Marc CUCURELLA,Spain,DF,,97.0,89.7,75.9,98.5,92.2,Motor físico
Marc GUEHI,England,DF,,98.7,96.0,76.6,89.4,71.7,Construtor de volume
Marc PUBILL,Spain,DF,,3.6,50.6,1.0,3.4,9.1,Distribuidor seguro
Marcel SABITZER,Austria,MF,,71.3,44.4,76.6,91.1,96.2,Defensor sem bola
Marco FRIEDL,Austria,DF,,33.6,64.2,35.2,11.2,21.4,Distribuidor seguro
Marco PASALIC,Croatia,FW,,32.5,17.8,55.1,42.3,50.6,Jogador de apoio e recepção
Marcos LLORENTE,Spain,DF,,78.8,82.0,47.8,50.8,54.7,Distribuidor seguro
Marcos SENESI,Argentina,DF,,56.1,75.2,32.1,25.3,29.2,Distribuidor seguro
Marcus HOLMGREN PEDERSEN,Norway,DF,,66.5,51.6,49.5,71.4,67.3,Motor físico
Marcus RASHFORD,England,FW,,58.5,58.6,77.8,59.8,51.8,Jogador de apoio e recepção
Marcus THURAM,France,FW,,0.9,0.9,39.0,1.4,9.1,Jogador de apoio e recepção
Marin PONGRACIC,Croatia,DF,,88.4,82.8,49.5,63.9,60.7,Construtor de volume
Mario PASALIC,Croatia,MF,,43.9,58.6,37.0,48.6,46.8,Distribuidor seguro
Mark FLEKKEN,Netherlands,GK,,,,,,9.1,Goleiro
Mark McKENZIE,USA,DF,,44.5,63.4,37.1,36.0,38.8,Distribuidor seguro
Markhus LACROIX,Haiti,DF,,,,,,9.1,Defensor sem bola
Marko ARNAUTOVIC,Austria,FW,,31.9,29.6,37.5,40.5,46.8,Defensor sem bola
Marko STAMENIC,New Zealand,MF,,83.8,80.7,84.8,78.1,74.0,Jogador de apoio e recepção
Marten DE ROON,Netherlands,MF,,2.4,50.0,35.2,2.5,18.5,Distribuidor seguro
Martin BATURINA,Croatia,MF,,62.2,58.8,70.2,86.9,90.4,Defensor sem bola
Martin ERLIC,Croatia,DF,,,,,,9.1,Defensor sem bola
Martin EXPERIENCE,Haiti,DF,,68.7,57.1,63.3,85.3,90.6,Defensor sem bola
Martin ODEGAARD,Norway,MF,,97.3,79.8,90.7,99.3,98.0,Motor físico
Martin ZLOMISLIC,Bosnia and Herzegovina,GK,,,,,,9.1,Goleiro
Martin ZUBIMENDI,Spain,MF,,,,,,9.1,Defensor sem bola
Marvin KELLER,Switzerland,GK,,,,,,9.1,Goleiro
Marvin SENAYA,Ghana,DF,,60.6,50.8,54.0,74.0,93.7,Defensor sem bola
Marwane SAADANE,Morocco,DF,,0.9,0.9,1.0,2.0,19.9,Defensor sem bola
Matej KOVAR,Czechia,GK,,58.9,31.2,48.9,13.9,28.6,Goleiro
Mateo CHAVEZ,Mexico,DF,,28.8,47.8,22.4,28.3,39.7,Distribuidor seguro
Mateo KOVACIC,Croatia,MF,,89.8,90.5,80.6,71.6,77.2,Distribuidor seguro
Mathew LECKIE,Australia,FW,,13.3,13.1,14.8,25.6,47.7,Defensor sem bola
Mathew RYAN,Australia,GK,,0.9,0.9,1.0,0.9,9.1,Goleiro
Mathias OLIVERA,Uruguay,DF,,91.1,89.8,45.1,80.1,76.1,Construtor de volume
Mathieu CHOINIERE,Canada,MF,,29.6,30.6,55.5,30.4,43.6,Jogador de apoio e recepção
Matias FERNANDEZ-PARDO,Belgium,FW,,20.0,39.0,37.1,28.4,38.8,Distribuidor seguro
Matias GALARZA,Paraguay,MF,,66.8,40.4,53.0,95.2,98.1,Defensor sem bola
Matias VINA,Uruguay,DF,,29.6,30.6,31.8,21.7,35.9,Defensor sem bola
Mats WIEFFER,Netherlands,DF,,,,,,9.1,Defensor sem bola
Matt FREESE,USA,GK,,58.9,31.9,47.7,22.2,32.0,Goleiro
Matt TURNER,USA,GK,,31.8,23.8,37.1,10.4,22.4,Goleiro
Matthieu EPOLO,Congo DR,GK,,,,,,9.1,Goleiro
Mattias SVANBERG,Sweden,MF,,11.3,55.1,24.8,14.9,24.4,Distribuidor seguro
Max ARFSTEN,USA,DF,,0.9,0.9,27.9,2.1,9.1,Jogador de apoio e recepção
Max CROCOMBE,New Zealand,GK,,64.5,39.7,49.8,13.2,30.0,Goleiro
Maxence LACROIX,France,DF,,42.2,65.0,28.6,25.6,29.2,Distribuidor seguro
Maxi ARAUJO,Uruguay,MF,,46.9,55.2,57.2,68.1,70.4,Defensor sem bola
Maxim DE CUYPER,Belgium,DF,,91.8,66.0,70.0,97.0,92.5,Motor físico
Maxime CREPEAU,Canada,GK,,70.2,44.0,48.5,29.1,37.8,Goleiro distribuidor
Maximilian BEIER,Germany,FW,,13.9,6.2,32.1,15.4,26.5,Jogador de apoio e recepção
Mbekezeli MBOKAZI,South Africa,DF,,89.3,74.1,49.5,76.0,76.4,Construtor de volume
Mehdi GHAYEDI,IR Iran,FW,,11.6,10.0,19.0,18.3,32.6,Defensor sem bola
Mehdi TAREMI,IR Iran,FW,,52.9,45.8,54.7,75.2,85.3,Defensor sem bola
Mehdi TORABI,IR Iran,MF,,23.9,37.2,39.2,17.4,29.2,Jogador de apoio e recepção
Melvin MASTIL,Algeria,GK,,,,,,9.1,Goleiro
Memphis DEPAY,Netherlands,FW,,21.6,43.6,42.6,32.2,39.7,Distribuidor seguro
Merih DEMIRAL,Türkiye,DF,,74.9,84.4,53.7,44.3,50.1,Distribuidor seguro
Mert GUNOK,Türkiye,GK,,,,,,9.1,Goleiro
Mert MULDUR,Türkiye,DF,,58.2,63.6,59.0,39.3,35.4,Distribuidor seguro
Meschack ELIA,Congo DR,FW,,19.5,52.3,35.3,26.5,38.8,Distribuidor seguro
Michael BOXALL,New Zealand,DF,,71.3,73.1,54.7,49.7,58.3,Distribuidor seguro
Michael GREGORITSCH,Austria,FW,,28.5,19.6,24.2,46.4,87.5,Defensor sem bola
Michael OLISE,France,FW,,96.5,78.4,82.8,99.1,97.6,Motor físico
Michael SVOBODA,Austria,DF,,,,,,9.1,Defensor sem bola
Michael WOUD,New Zealand,GK,,,,,,9.1,Goleiro
Michal SADILEK,Czechia,MF,,57.9,48.8,56.4,70.0,79.8,Defensor sem bola
Michel AEBISCHER,Switzerland,MF,,56.0,57.8,49.9,63.4,63.5,Defensor sem bola
Micky VAN DE VEN,Netherlands,DF,,71.9,71.8,51.9,59.1,83.3,Defensor sem bola
Miguel ALMIRON,Paraguay,MF,,48.8,32.4,66.1,75.3,93.8,Defensor sem bola
Mike MAIGNAN,France,GK,,80.9,52.2,58.4,34.5,38.3,Goleiro distribuidor
Mike PENDERS,Belgium,GK,,,,,,9.1,Goleiro
Mikel MERINO,Spain,MF,,55.8,60.6,55.8,61.6,69.1,Defensor sem bola
Mikel OYARZABAL,Spain,FW,,68.1,54.9,68.8,95.7,99.2,Defensor sem bola
Milad MOHAMMADI,IR Iran,DF,,56.7,49.2,37.3,68.5,75.1,Defensor sem bola
Miles ROBINSON,USA,DF,,48.5,67.5,50.5,34.0,41.8,Distribuidor seguro
Milos DEGENEK,Australia,DF,,,,,,9.1,Defensor sem bola
Miro MUHEIM,Switzerland,DF,,36.6,31.2,37.9,35.6,50.4,Defensor sem bola
Mladen JURKAS,Bosnia and Herzegovina,GK,,,,,,9.1,Goleiro
Mohamed AMOURA,Algeria,FW,,12.0,37.2,21.0,18.0,44.3,Defensor sem bola
Mohamed Amine BEN HMIDA,Tunisia,DF,,63.4,52.9,52.5,47.9,64.6,Defensor sem bola
Mohamed Amine TOUGAI,Algeria,DF,,,,,,9.1,Defensor sem bola
Mohamed HADJ MAHMOUD,Tunisia,MF,,18.1,50.6,22.9,23.5,37.8,Distribuidor seguro
Mohamed KONE,Côte d'Ivoire,GK,,,,,,9.1,Goleiro
Mohamed TOURE,Australia,FW,,19.6,20.2,32.6,51.2,70.4,Defensor sem bola
Mohammad GHORBANI,IR Iran,MF,,22.9,35.3,21.6,39.7,50.8,Defensor sem bola
Mohammad MOHEBBI,IR Iran,MF,,49.4,30.6,55.9,82.3,94.4,Defensor sem bola
Moise BOMBITO,Canada,DF,,69.5,63.2,64.6,50.8,40.6,Construtor de volume
Moises CAICEDO,Ecuador,MF,,95.8,82.6,85.2,85.2,90.1,Construtor de volume
Moises RAMIREZ,Ecuador,GK,,,,,,9.1,Goleiro
Mojmir CHYTIL,Czechia,FW,,3.6,50.6,27.9,6.9,20.5,Distribuidor seguro
Montassar TALBI,Tunisia,DF,,71.4,81.4,59.1,60.7,56.4,Distribuidor seguro
Morgan ROGERS,England,MF,,50.2,40.4,61.8,67.9,72.7,Defensor sem bola
Mortadha BEN OUANES,Tunisia,DF,,5.8,13.4,14.2,15.2,24.1,Defensor sem bola
Morten THORSBY,Norway,MF,,23.1,56.6,24.0,25.2,44.3,Distribuidor seguro
Mory DIAW,Senegal,GK,,59.0,33.0,51.9,13.1,26.0,Goleiro
Mouhib CHAMAKH,Tunisia,GK,,24.5,18.0,35.2,7.3,19.9,Goleiro
Moussa NIAKHATE,Senegal,DF,,95.7,90.7,70.3,79.4,67.9,Construtor de volume
Moutaz NEFFATI,Tunisia,DF,,,,,,9.1,Defensor sem bola
Munir EL KAJOUI,Morocco,GK,,,,,,9.1,Goleiro
NABIL DONGA,Egypt,MF,,,,,,9.1,Defensor sem bola
NASSER ALDAWSARI,Saudi Arabia,MF,,67.5,61.1,72.4,79.3,88.2,Defensor sem bola
NAWAF ALAQIDI,Saudi Arabia,GK,,,,,,9.1,Goleiro
NAWAF BU WASHL,Saudi Arabia,DF,,40.0,31.6,31.9,33.6,51.0,Defensor sem bola
NELSON SEMEDO,Portugal,DF,,62.5,73.3,56.8,47.5,50.1,Distribuidor seguro
NEYMAR JR,Brazil,FW,,28.0,32.0,53.4,20.4,45.3,Jogador de apoio e recepção
NIZAR ALRASHDAN,Jordan,MF,,55.7,40.7,45.5,73.0,97.1,Defensor sem bola
NOOR ALRAWABDEH,Jordan,MF,,66.8,43.7,65.2,86.7,99.4,Defensor sem bola
NOUR BANIATEYAH,Jordan,GK,,,,,,9.1,Goleiro
NUNO DA COSTA,Cabo Verde,MF,,25.6,27.0,41.6,48.6,63.9,Defensor sem bola
NUNO MENDES,Portugal,DF,,94.2,71.2,78.4,82.1,86.7,Construtor de volume
Nabil BENTALEB,Algeria,MF,,94.7,85.8,70.4,76.0,70.6,Construtor de volume
Nadhir BENBOUALI,Algeria,FW,,10.9,16.0,24.1,22.8,36.5,Defensor sem bola
Nadiem AMIRI,Germany,MF,,23.9,37.2,41.6,21.6,33.4,Jogador de apoio e recepção
Nahuel MOLINA,Argentina,DF,,88.5,72.9,76.5,88.4,93.0,Defensor sem bola
Nando PIJNAKER,New Zealand,DF,,,,,,9.1,Defensor sem bola
Nathan AKE,Netherlands,DF,,73.7,75.8,47.1,39.5,49.4,Distribuidor seguro
Nathan NGOY,Belgium,DF,,90.5,88.8,58.4,74.4,73.2,Construtor de volume
Nathan PATTERSON,Scotland,DF,,68.5,62.2,65.2,52.0,60.7,Construtor de volume
Nathan SALIBA,Canada,MF,,61.8,56.0,61.3,69.4,65.3,Motor físico
Nathanael MBUKU,Congo DR,MF,,39.8,33.3,48.8,51.0,63.1,Defensor sem bola
Nathaniel BROWN,Germany,DF,,75.5,69.4,72.5,75.9,72.1,Motor físico
Neil EL AYNAOUI,Morocco,MF,,99.1,92.4,83.3,99.4,96.5,Motor físico
Nestory IRANKUNDA,Australia,FW,,38.1,27.0,38.8,65.9,84.7,Defensor sem bola
Ngalayel MUKAU,Congo DR,MF,,53.0,56.8,38.9,64.5,89.2,Defensor sem bola
Ngolo KANTE,France,MF,,,,,,9.1,Defensor sem bola
Nick WOLTEMADE,Germany,FW,,2.4,50.0,10.2,14.2,29.2,Distribuidor seguro
Nico ELVEDI,Switzerland,DF,,99.2,91.2,69.1,96.0,94.9,Construtor de volume
Nico GONZALEZ,Argentina,MF,,59.5,51.8,50.4,57.7,63.9,Defensor sem bola
Nico OREILLY,England,DF,,90.1,86.9,81.6,95.6,93.4,Motor físico
Nico PAZ,Argentina,FW,,48.2,71.5,69.5,29.5,51.5,Distribuidor seguro
Nico SCHLOTTERBECK,Germany,DF,,73.3,71.6,30.5,37.3,49.1,Construtor de volume
Nico WILLIAMS,Spain,FW,,27.0,36.0,45.5,33.4,45.8,Defensor sem bola
Nicolas DE LA CRUZ,Uruguay,MF,,45.1,42.0,53.2,40.9,54.8,Defensor sem bola
Nicolas JACKSON,Senegal,FW,,40.1,37.0,53.4,70.9,82.9,Defensor sem bola
Nicolas OTAMENDI,Argentina,DF,,79.3,85.6,54.0,39.3,48.8,Distribuidor seguro
Nicolas PEPE,Côte d'Ivoire,FW,,68.1,59.6,75.8,68.6,82.5,Defensor sem bola
Nicolas RASKIN,Belgium,MF,,90.6,71.5,91.8,81.3,90.0,Jogador de apoio e recepção
Nicolas SEIWALD,Austria,MF,,80.8,81.4,80.2,83.8,83.3,Motor físico
Nicolas TAGLIAFICO,Argentina,DF,,76.8,72.7,59.5,73.3,75.6,Construtor de volume
Nihad MUJAKIC,Bosnia and Herzegovina,DF,,,,,,9.1,Defensor sem bola
Niko SIGUR,Canada,DF,,49.0,43.1,40.5,51.6,55.6,Defensor sem bola
Nikola KATIC,Bosnia and Herzegovina,DF,,82.8,77.1,69.2,80.4,81.7,Construtor de volume
Nikola MORO,Croatia,MF,,,,,,9.1,Defensor sem bola
Nikola VASILJ,Bosnia and Herzegovina,GK,,74.8,37.3,53.9,24.6,36.1,Goleiro distribuidor
Nikola VLASIC,Croatia,MF,,37.5,39.5,50.2,57.7,73.5,Defensor sem bola
Nilson ANGULO,Ecuador,FW,,55.5,45.8,50.5,65.8,81.5,Defensor sem bola
Nishan VELUPILLAY,Australia,FW,,13.4,6.6,15.6,34.1,58.9,Defensor sem bola
Nkosinathi SIBISI,South Africa,DF,,43.6,39.7,50.1,28.8,45.0,Jogador de apoio e recepção
Noa LANG,Netherlands,FW,,17.4,33.1,45.7,11.1,23.6,Jogador de apoio e recepção
Noah OKAFOR,Switzerland,FW,,12.7,20.0,40.0,12.6,27.3,Jogador de apoio e recepção
Noah SADIKI,Congo DR,MF,,71.3,69.4,78.2,80.0,86.3,Defensor sem bola
Noni MADUEKE,England,FW,,62.9,62.0,69.2,73.9,68.1,Motor físico
Noussair MAZRAOUI,Morocco,DF,,94.5,86.1,60.7,84.1,87.2,Construtor de volume
ODEH FAKHOURY,Jordan,FW,,24.2,30.4,40.9,56.4,75.6,Defensor sem bola
OH Hyeongyu,Korea Republic,FW,,23.5,16.6,38.9,41.6,53.4,Defensor sem bola
OMAR MARMOUSH,Egypt,FW,,55.8,52.0,66.4,77.6,77.0,Motor físico
OUNAHI,Morocco,MF,,,,,,9.1,Defensor sem bola
Obed VARGAS,Mexico,MF,,26.0,51.7,28.7,36.2,39.4,Distribuidor seguro
Odiljon XAMROBEKOV,Uzbekistan,MF,,40.1,53.5,46.0,33.9,46.8,Distribuidor seguro
Odilon KOSSOUNOU,Côte d'Ivoire,DF,,80.3,85.5,44.1,61.5,54.0,Distribuidor seguro
Oguz AYDIN,Türkiye,FW,,41.3,45.6,26.6,33.0,43.2,Distribuidor seguro
Oliver BAUMANN,Germany,GK,,,,,,9.1,Goleiro
Ollie WATKINS,England,FW,,2.4,50.0,24.0,8.4,21.0,Distribuidor seguro
Olwethu MAKHANYA,South Africa,DF,,,,,,9.1,Defensor sem bola
Omar ALDERETE,Paraguay,DF,,60.7,37.4,49.1,65.4,65.1,Motor físico
Omar REKIK,Tunisia,DF,,61.3,52.2,57.3,48.2,54.7,Construtor de volume
Orbelin PINEDA,Mexico,MF,,8.2,53.2,18.3,23.8,42.4,Distribuidor seguro
Orjan NYLAND,Norway,GK,,84.7,45.6,58.8,28.8,36.3,Goleiro distribuidor
Orkun KOKCU,Türkiye,MF,,56.2,34.2,61.9,48.3,53.0,Jogador de apoio e recepção
Orlando GILL,Paraguay,GK,,69.3,29.4,57.7,28.3,39.1,Goleiro
Orlando MOSQUERA,Panama,GK,,62.8,38.0,35.8,15.3,29.2,Goleiro
Oscar BOBB,Norway,MF,,70.5,75.8,71.7,71.3,83.3,Defensor sem bola
Oston URUNOV,Uzbekistan,MF,,14.2,24.2,18.1,26.9,48.8,Defensor sem bola
Oswin APPOLLIS,South Africa,FW,,63.9,53.4,69.0,80.6,85.5,Defensor sem bola
Otabek SHUKUROV,Uzbekistan,MF,,71.6,68.0,70.8,66.8,85.2,Defensor sem bola
Oumar DIAKITE,Côte d'Ivoire,FW,,23.4,47.0,39.7,17.1,33.4,Distribuidor seguro
Ousmane DEMBELE,France,FW,,86.3,61.5,79.7,89.0,95.2,Defensor sem bola
Ousmane DIOMANDE,Côte d'Ivoire,DF,,56.9,76.8,21.6,24.1,28.6,Distribuidor seguro
Oussama BENBOT,Algeria,GK,,26.5,20.6,35.2,5.8,18.8,Goleiro
Owen GOODMAN,Canada,GK,,,,,,9.1,Goleiro
Ozan KABAK,Türkiye,DF,,33.6,24.2,43.0,28.8,38.8,Jogador de apoio e recepção
PAIK Seungho,Korea Republic,MF,,79.8,73.5,86.3,54.0,61.3,Jogador de apoio e recepção
PARK Jinseob,Korea Republic,DF,,45.5,67.6,41.3,17.2,31.5,Distribuidor seguro
PEDRI,Spain,MF,,98.2,82.2,85.8,97.8,99.5,Defensor sem bola
PEDRO MIGUEL,Qatar,DF,,54.5,38.1,45.1,55.6,65.6,Defensor sem bola
PEDRO NETO,Portugal,FW,,80.5,73.0,66.6,83.8,77.7,Motor físico
PICO LOPES,Cabo Verde,DF,,84.2,65.4,70.4,74.7,80.2,Construtor de volume
Pape GUEYE,Senegal,MF,,81.0,66.7,77.8,70.3,69.6,Construtor de volume
Pape Matar SARR,Senegal,MF,,43.0,57.2,45.1,34.8,46.8,Distribuidor seguro
Parfait GUIAGON,Côte d'Ivoire,MF,,,,,,9.1,Defensor sem bola
Pascal GROSS,Germany,MF,,20.0,59.4,6.6,15.8,31.5,Distribuidor seguro
Pathe CISS,Senegal,MF,,77.7,79.5,53.9,45.4,47.2,Distribuidor seguro
Patrick BEACH,Australia,GK,,67.3,35.0,52.4,20.2,34.5,Goleiro
Patrick BERG,Norway,MF,,84.8,84.2,72.9,98.5,98.6,Defensor sem bola
Patrick PENTZ,Austria,GK,,,,,,9.1,Goleiro
Patrick WIMMER,Austria,FW,,15.0,8.3,30.6,18.1,34.0,Defensor sem bola
Patrik SCHICK,Czechia,FW,,29.7,41.6,60.2,54.4,75.2,Defensor sem bola
Pau CUBARSI,Spain,DF,,99.9,96.6,88.8,95.6,80.2,Construtor de volume
Paul IZZO,Australia,GK,,,,,,9.1,Goleiro
Paul OKON-ENGSTLER,Australia,MF,,60.6,62.0,56.8,65.2,83.7,Defensor sem bola
Paul WANNER,Austria,MF,,56.9,53.8,52.1,72.9,88.9,Defensor sem bola
Pavel SULC,Czechia,FW,,42.7,33.4,51.1,62.9,78.6,Defensor sem bola
Payam NIAZMAND,IR Iran,GK,,,,,,9.1,Goleiro
Pedro PORRO,Spain,DF,,94.0,84.0,77.5,88.1,80.7,Construtor de volume
Pedro VITE,Ecuador,MF,,95.8,85.1,85.4,92.0,95.4,Construtor de volume
Pervis ESTUPINAN,Ecuador,DF,,49.6,62.2,35.2,39.1,48.4,Distribuidor seguro
Petar MUSA,Croatia,FW,,13.9,9.8,64.5,40.2,67.0,Defensor sem bola
Petar SUCIC,Croatia,MF,,74.1,65.5,74.5,87.5,94.1,Defensor sem bola
Philipp LIENHART,Austria,DF,,77.8,78.2,58.1,47.9,47.9,Distribuidor seguro
Phillip MWENE,Austria,DF,,50.4,56.6,50.0,47.4,54.2,Distribuidor seguro
Piero HINCAPIE,Ecuador,DF,,85.6,67.0,70.8,86.7,93.3,Defensor sem bola
Prince ADU,Ghana,FW,,7.4,20.6,41.6,23.2,39.7,Jogador de apoio e recepção
Promise DAVID,Canada,FW,,17.5,8.6,21.6,28.4,45.0,Defensor sem bola
Quinten TIMBER,Netherlands,MF,,16.4,30.7,28.0,25.1,45.3,Defensor sem bola
RAFAEL LEAO,Portugal,FW,,58.2,58.0,66.1,47.5,49.7,Jogador de apoio e recepção
RAJAEI AYED,Jordan,MF,,,,,,9.1,Defensor sem bola
RAMY RABIA,Egypt,DF,,92.4,85.9,78.7,81.8,77.8,Construtor de volume
RAPHINHA,Brazil,FW,,37.4,23.2,61.2,51.0,58.3,Jogador de apoio e recepção
RAYAN,Brazil,FW,,66.0,77.6,45.1,77.8,88.9,Defensor sem bola
REBIN SULAKA,Iraq,DF,,29.6,30.6,37.9,13.4,26.5,Jogador de apoio e recepção
RENATO VEIGA,Portugal,DF,,97.0,93.8,68.1,88.9,83.7,Construtor de volume
RODRI,Spain,MF,,100.0,93.6,94.4,98.8,93.1,Construtor de volume
ROGER IBANEZ,Brazil,DF,,26.8,63.0,6.3,21.0,30.8,Distribuidor seguro
RUBEN DIAS,Portugal,DF,,92.8,89.7,67.0,80.2,71.2,Construtor de volume
RUBEN NEVES,Portugal,MF,,31.5,58.8,40.1,29.9,55.0,Distribuidor seguro
RUI SILVA,Portugal,GK,,,,,,9.1,Goleiro
RYAN MENDES,Cabo Verde,FW,,57.9,55.0,68.1,85.8,91.0,Defensor sem bola
Raed CHIKHAOUI,Tunisia,DF,,,,,,9.1,Defensor sem bola
Rafik BELGHALI,Algeria,DF,,86.0,83.1,58.4,86.4,71.9,Motor físico
Ramin REZAEIAN,IR Iran,DF,,60.4,35.1,67.5,84.5,86.3,Defensor sem bola
Ramiz ZERROUKI,Algeria,MF,,68.2,76.4,68.0,42.2,52.3,Distribuidor seguro
Ramon SOSA,Paraguay,MF,,5.1,51.4,7.2,13.1,28.0,Distribuidor seguro
Ramy BENSEBAINI,Algeria,DF,,98.2,91.6,79.3,72.5,78.0,Construtor de volume
Rani KHEDIRA,Tunisia,MF,,31.1,38.0,35.0,44.8,57.8,Defensor sem bola
Raul JIMENEZ,Mexico,FW,,48.2,31.8,64.4,72.6,81.0,Defensor sem bola
Raul RANGEL,Mexico,GK,,78.8,51.5,55.7,27.8,40.6,Goleiro distribuidor
Rayan AIT-NOURI,Algeria,DF,,89.4,80.9,72.6,77.5,78.2,Construtor de volume
Rayan CHERKI,France,MF,,46.9,55.2,47.3,40.3,53.8,Distribuidor seguro
Rayan ELLOUMI,Tunisia,FW,,,,,,9.1,Defensor sem bola
Redouane HALHAL,Morocco,DF,,73.3,82.6,42.7,44.1,45.8,Distribuidor seguro
Reece JAMES,England,DF,,81.2,81.6,77.1,59.2,74.3,Distribuidor seguro
Relebohile MOFOKENG,South Africa,FW,,44.7,41.1,40.7,63.1,79.8,Defensor sem bola
Remo FREULER,Switzerland,MF,,96.7,89.3,83.0,98.2,99.8,Defensor sem bola
Ricardo ADE,Haiti,DF,,76.8,72.7,37.1,63.9,64.3,Construtor de volume
Ricardo GOSS,South Africa,GK,,,,,,9.1,Goleiro
Ricardo PEPI,USA,FW,,37.0,48.1,47.2,73.8,76.1,Defensor sem bola
Ricardo RODRIGUEZ,Switzerland,DF,,95.0,67.3,78.9,94.5,88.2,Construtor de volume
Richard RIOS,Colombia,MF,,45.8,46.1,49.2,60.1,65.3,Defensor sem bola
Richie LARYEA,Canada,DF,,87.6,64.4,62.0,92.2,86.8,Motor físico
Riechedly BAZOER,Curaçao,DF,,35.6,45.5,49.1,20.7,41.3,Jogador de apoio e recepção
Ritsu DOAN,Japan,MF,,66.7,58.1,51.2,76.7,90.1,Defensor sem bola
Riyad MAHREZ,Algeria,FW,,78.3,67.2,65.4,75.0,74.3,Construtor de volume
Roberto ALVARADO,Mexico,FW,,87.2,61.5,80.6,93.7,81.2,Motor físico
Robin HRANAC,Czechia,DF,,71.5,71.6,41.0,64.1,64.8,Distribuidor seguro
Robin RISSER,France,GK,,,,,,9.1,Goleiro
Robin ROEFS,Netherlands,GK,,,,,,9.1,Goleiro
Roderick MILLER,Panama,DF,,,,,,9.1,Defensor sem bola
Rodrigo AGUIRRE,Uruguay,FW,,1.5,0.6,27.9,4.4,9.1,Jogador de apoio e recepção
Rodrigo BENTANCUR,Uruguay,MF,,84.2,78.8,72.7,77.3,89.8,Defensor sem bola
Rodrigo DE PAUL,Argentina,MF,,94.0,86.2,89.3,89.5,96.1,Defensor sem bola
Rodrigo ZALAZAR,Uruguay,MF,,,,,,9.1,Defensor sem bola
Romano SCHMID,Austria,MF,,58.4,35.8,53.2,81.1,92.9,Defensor sem bola
Romelu LUKAKU,Belgium,FW,,37.6,30.4,57.3,54.1,59.3,Defensor sem bola
Ronald ARAUJO,Uruguay,DF,,,,,,9.1,Defensor sem bola
Ronwen WILLIAMS,South Africa,GK,,90.1,55.5,75.8,20.0,30.4,Goleiro distribuidor
Roozbeh CHESHMI,IR Iran,MF,,,,,,9.1,Defensor sem bola
Roshon VAN EIJMA,Curaçao,DF,,2.4,50.0,1.0,6.5,24.7,Distribuidor seguro
Ross STEWART,Scotland,FW,,0.9,0.9,27.9,6.6,22.0,Jogador de apoio e recepção
Ruben PROVIDENCE,Haiti,FW,,42.6,52.4,57.9,64.5,84.1,Defensor sem bola
Ruben VARGAS,Switzerland,FW,,57.7,37.6,53.7,79.0,80.7,Defensor sem bola
Ruslanbek JIYANOV,Uzbekistan,MF,,0.9,0.9,1.0,4.0,19.4,Defensor sem bola
Rustam ASHURMATOV,Uzbekistan,DF,,72.0,55.6,56.9,59.6,72.4,Defensor sem bola
Ryan CHRISTIE,Scotland,MF,,34.6,39.0,53.4,41.9,58.9,Defensor sem bola
Ryan GRAVENBERCH,Netherlands,MF,,74.0,69.4,63.2,80.8,66.6,Motor físico
Ryan THOMAS,New Zealand,MF,,26.5,20.6,36.1,46.4,53.4,Defensor sem bola
SAED ALROSAN,Jordan,DF,,18.1,50.6,38.4,11.8,24.7,Distribuidor seguro
SALAH ZAKARIA,Qatar,GK,,,,,,9.1,Goleiro
SALEEM OBAID,Jordan,DF,,20.4,14.2,27.9,12.8,32.0,Defensor sem bola
SALEH ALSHEHRI,Saudi Arabia,FW,,,,,,9.1,Defensor sem bola
SALEM ALDAWSARI,Saudi Arabia,FW,,55.0,34.2,58.6,77.8,84.8,Defensor sem bola
SAMU COSTA,Portugal,DF,,16.3,57.5,16.0,10.5,29.7,Distribuidor seguro
SAUD ABDULHAMID,Saudi Arabia,DF,,68.1,47.0,53.8,73.0,82.5,Defensor sem bola
SEOL Youngwoo,Korea Republic,DF,,73.8,77.4,59.2,73.0,58.9,Distribuidor seguro
SIDNY LOPES CABRAL,Cabo Verde,DF,,66.0,54.6,61.7,66.8,86.3,Defensor sem bola
SON Heungmin,Korea Republic,FW,,46.8,47.6,58.4,49.9,56.1,Jogador de apoio e recepção
SONG Bumkeun,Korea Republic,GK,,,,,,9.1,Goleiro
STEVEN MOREIRA,Cabo Verde,DF,,67.2,51.1,59.5,71.7,84.1,Defensor sem bola
STOPIRA,Cabo Verde,DF,,,,,,9.1,Defensor sem bola
SULTAN ALBRAKE,Qatar,DF,,38.1,33.6,44.0,47.8,59.1,Defensor sem bola
SULTAN MANDASH,Saudi Arabia,FW,,12.7,20.0,18.1,30.9,44.3,Defensor sem bola
Sabri BEN HESSEN,Tunisia,GK,,,,,,9.1,Goleiro
Sadio MANE,Senegal,FW,,73.8,56.5,73.2,88.6,91.5,Defensor sem bola
Saeid EZATOLAHI,IR Iran,MF,,62.8,45.9,50.1,67.4,87.2,Defensor sem bola
Saleh HARDANI,IR Iran,DF,,28.9,22.4,49.5,29.8,61.2,Defensor sem bola
Salih OZCAN,Türkiye,MF,,48.5,49.9,31.2,40.3,53.0,Defensor sem bola
Saman GHODDOS,IR Iran,MF,,46.9,29.4,48.1,64.6,84.4,Defensor sem bola
Samed BAZDAR,Bosnia and Herzegovina,FW,,5.7,2.6,16.0,12.3,24.1,Defensor sem bola
Samet AKAYDIN,Türkiye,DF,,,,,,9.1,Defensor sem bola
Samir CHERGUI,Algeria,DF,,28.1,60.5,37.1,7.9,21.4,Distribuidor seguro
Samir EL MOURABET,Morocco,MF,,69.9,73.6,51.4,48.2,48.4,Distribuidor seguro
Samuel MOUTOUSSAMY,Congo DR,MF,,78.0,60.6,73.9,90.5,90.0,Motor físico
Samukele KABINI,South Africa,DF,,,,,,9.1,Defensor sem bola
Sander BERGE,Norway,MF,,99.1,96.2,92.0,96.4,94.7,Construtor de volume
Sander TANGVIK,Norway,GK,,,,,,9.1,Goleiro
Santiago ARIAS,Colombia,DF,,39.8,47.6,30.6,29.4,38.3,Distribuidor seguro
Santiago BUENO,Uruguay,DF,,,,,,9.1,Defensor sem bola
Santiago GIMENEZ,Mexico,FW,,15.0,8.3,37.0,33.3,46.1,Defensor sem bola
Santiago MELE,Uruguay,GK,,,,,,9.1,Goleiro
Sarpreet SINGH,New Zealand,MF,,53.9,38.6,74.2,70.7,87.2,Defensor sem bola
Sasa KALAJDZIC,Austria,FW,,25.0,16.2,23.9,35.2,48.1,Defensor sem bola
Scott McKENNA,Scotland,DF,,45.5,67.6,1.0,22.5,33.4,Distribuidor seguro
Scott McTOMINAY,Scotland,MF,,64.2,70.2,74.1,82.3,76.1,Motor físico
Sead KOLASINAC,Bosnia and Herzegovina,DF,,82.7,59.7,62.1,77.8,78.2,Construtor de volume
Sebastian BERHALTER,USA,MF,,75.8,60.6,71.0,72.8,73.5,Construtor de volume
Sebastian CACERES,Uruguay,DF,,83.8,76.8,44.9,65.2,74.0,Construtor de volume
Sebastian TOUNEKTI,Tunisia,MF,,22.5,45.4,38.9,36.4,46.1,Defensor sem bola
Seko FOFANA,Côte d'Ivoire,MF,,40.6,44.5,38.4,37.9,44.3,Distribuidor seguro
Senne LAMMENS,Belgium,GK,,13.9,6.2,35.2,3.7,18.4,Goleiro
Sergino DEST,USA,DF,,66.0,63.8,70.5,87.9,82.1,Motor físico
Sergio ROCHET,Uruguay,GK,,19.6,10.0,40.8,6.5,20.5,Goleiro
Shahriyar MOGHANLOO,IR Iran,FW,,24.9,13.8,43.9,37.1,59.6,Defensor sem bola
Sherel FLORANUS,Curaçao,DF,,69.4,59.3,26.7,68.8,87.9,Defensor sem bola
Sherzod ESANOV,Uzbekistan,MF,,2.4,50.0,1.0,5.0,21.0,Distribuidor seguro
Sherzod NASRULLAEV,Uzbekistan,DF,,40.8,28.6,33.9,55.6,68.8,Defensor sem bola
Shogo TANIGUCHI,Japan,DF,,75.8,84.9,53.3,48.1,53.0,Distribuidor seguro
Shoja KHALILZADEH,IR Iran,DF,,76.8,61.0,60.4,58.8,68.8,Construtor de volume
Shurandy SAMBO,Curaçao,DF,,5.1,51.4,27.9,2.0,19.2,Distribuidor seguro
Shuto MACHINO,Japan,FW,,5.8,13.4,6.3,9.7,20.5,Defensor sem bola
Silvan WIDMER,Switzerland,DF,,53.4,42.7,49.1,59.7,71.7,Defensor sem bola
Simon ADINGRA,Côte d'Ivoire,FW,,14.8,44.0,32.6,12.5,29.2,Distribuidor seguro
Simon BANZA,Congo DR,FW,,8.1,8.4,15.8,20.3,40.9,Defensor sem bola
Sipho CHAINE,South Africa,GK,,,,,,9.1,Goleiro
Sofyan AMRABAT,Morocco,MF,,68.5,76.7,70.4,53.3,55.9,Distribuidor seguro
Sondre LANGAS,Norway,DF,,14.8,44.0,9.3,10.7,19.2,Distribuidor seguro
Sontje HANSEN,Curaçao,FW,,8.9,26.9,11.7,19.6,41.8,Defensor sem bola
Soufiane RAHIMI,Morocco,FW,,34.8,28.4,60.3,68.0,69.3,Defensor sem bola
Sphephelo SITHOLE,South Africa,MF,,74.2,61.0,72.0,75.0,84.4,Defensor sem bola
Stefan POSCH,Austria,DF,,73.1,44.8,64.3,86.7,93.1,Defensor sem bola
Stepan CHALOUPEK,Czechia,DF,,23.5,16.6,38.4,34.4,52.1,Defensor sem bola
Stephen EUSTAQUIO,Canada,MF,,94.4,76.2,79.6,96.8,84.8,Motor físico
Steve KAPUADI,Congo DR,DF,,45.3,45.3,45.1,47.3,53.8,Defensor sem bola
Stjepan RADELJIC,Bosnia and Herzegovina,DF,,80.1,75.0,28.6,46.5,46.8,Construtor de volume
TAHSIN MOHAMMED,Qatar,FW,,,,,,9.1,Defensor sem bola
TAREK ALAA,Egypt,DF,,,,,,9.1,Defensor sem bola
TELMO ARCANJO,Cabo Verde,MF,,18.8,36.0,43.8,21.5,36.3,Jogador de apoio e recepção
TOMAS ARAUJO,Portugal,DF,,67.7,81.3,45.0,30.7,34.0,Distribuidor seguro
TREZEGUET,Egypt,FW,,57.2,52.2,56.3,67.5,58.1,Motor físico
Taha ALI,Sweden,FW,,21.2,54.6,48.1,19.7,34.8,Distribuidor seguro
Tahith CHONG,Curaçao,MF,,48.1,46.8,70.8,64.0,86.7,Defensor sem bola
Tajon BUCHANAN,Canada,FW,,61.6,47.4,67.8,92.6,93.5,Defensor sem bola
Takefusa KUBO,Japan,MF,,19.6,20.2,21.9,25.4,46.8,Defensor sem bola
Takehiro TOMIYASU,Japan,DF,,73.9,63.7,69.9,43.3,60.1,Construtor de volume
Tani OLUWASEYI,Canada,FW,,35.4,20.6,48.7,76.1,88.9,Defensor sem bola
Tarik MUHAREMOVIC,Bosnia and Herzegovina,DF,,79.7,67.6,45.0,59.9,74.6,Construtor de volume
Teboho MOKOENA,South Africa,MF,,87.6,79.9,86.8,75.8,87.9,Defensor sem bola
Tete YENGI,Australia,FW,,6.5,5.4,34.5,14.8,36.5,Defensor sem bola
Teun KOOPMEINERS,Netherlands,MF,,49.5,51.7,60.2,45.4,59.3,Jogador de apoio e recepção
Thabang MATULUDI,South Africa,DF,,,,,,9.1,Defensor sem bola
Thalente MBATHA,South Africa,MF,,63.3,56.0,61.2,80.4,81.3,Defensor sem bola
Thapelo MASEKO,South Africa,FW,,41.6,31.6,62.9,70.6,75.3,Defensor sem bola
Thelo AASGAARD,Norway,MF,,40.1,53.5,54.7,32.6,43.9,Jogador de apoio e recepção
Themba ZWANE,South Africa,MF,,9.5,12.1,32.8,10.6,29.2,Jogador de apoio e recepção
Theo BONGONDA,Congo DR,MF,,16.4,14.0,35.0,19.4,34.0,Jogador de apoio e recepção
Theo HERNANDEZ,France,DF,,70.2,81.8,47.6,54.8,58.5,Distribuidor seguro
Thiago ALMADA,Argentina,FW,,83.6,79.3,82.0,75.6,70.2,Construtor de volume
Thibaut COURTOIS,Belgium,GK,,84.8,49.8,69.9,32.6,40.9,Goleiro distribuidor
Thomas MEUNIER,Belgium,DF,,70.5,59.3,62.9,74.0,67.9,Motor físico
Thomas PARTEY,Ghana,MF,,79.6,72.3,56.1,65.9,67.0,Construtor de volume
Tijjani REIJNDERS,Netherlands,MF,,50.2,40.4,55.2,59.3,53.8,Motor físico
Tim PAYNE,New Zealand,DF,,59.0,51.2,60.4,62.8,69.9,Defensor sem bola
Tim REAM,USA,DF,,96.2,92.4,48.1,77.7,63.9,Construtor de volume
Timothy CASTAGNE,Belgium,DF,,93.1,77.2,74.6,99.5,98.9,Motor físico
Timothy FAYULU,Congo DR,GK,,,,,,9.1,Goleiro
Timothy WEAH,USA,FW,,34.6,50.2,41.3,41.2,43.2,Distribuidor seguro
Tomas CHORY,Czechia,FW,,12.0,37.2,15.1,19.2,37.3,Defensor sem bola
Tomas HOLES,Czechia,DF,,50.7,48.0,32.1,44.7,64.3,Defensor sem bola
Tomas RODRIGUEZ,Panama,FW,,13.6,41.1,14.1,23.4,41.2,Defensor sem bola
Tomas SOUCEK,Czechia,MF,,39.5,35.9,40.2,48.3,56.7,Defensor sem bola
Tommy SMITH,New Zealand,DF,,,,,,9.1,Defensor sem bola
Tomoki HAYAKAWA,Japan,GK,,,,,,9.1,Goleiro
Toni FRUK,Croatia,MF,,,,,,9.1,Defensor sem bola
Torbjorn HEGGEM,Norway,DF,,96.2,91.4,86.0,88.0,61.6,Construtor de volume
Trevoh CHALOBAH,England,DF,,,,,,9.1,Defensor sem bola
Trevor DOORNBUSCH,Curaçao,GK,,,,,,9.1,Goleiro
Tshepang MOREMI,South Africa,FW,,11.6,10.0,10.7,24.1,37.3,Defensor sem bola
Tsuyoshi WATANABE,Japan,DF,,35.0,56.7,42.7,26.7,36.9,Distribuidor seguro
Tyler ADAMS,USA,MF,,91.2,84.4,84.6,90.2,84.4,Construtor de volume
Tyler BINDON,New Zealand,DF,,49.1,31.4,36.1,37.3,49.1,Construtor de volume
Tyler FLETCHER,Scotland,MF,,,,,,9.1,Defensor sem bola
Tyrese NOSLIN,Curaçao,FW,,10.8,6.6,39.0,14.5,25.2,Jogador de apoio e recepção
Tyrick BODAK,Curaçao,GK,,,,,,9.1,Goleiro
Ugurcan CAKIR,Türkiye,GK,,62.3,45.4,54.7,23.2,26.5,Goleiro
Umar ESHMURODOV,Uzbekistan,DF,,,,,,9.1,Defensor sem bola
Unai SIMON,Spain,GK,,90.5,72.9,82.9,41.8,45.5,Goleiro distribuidor
Utkir YUSUPOV,Uzbekistan,GK,,27.1,14.4,7.7,6.3,24.1,Goleiro
VINICIUS JUNIOR,Brazil,FW,,76.7,57.2,81.3,94.4,97.0,Defensor sem bola
VITINHA,Portugal,MF,,98.8,93.0,86.3,91.7,89.6,Construtor de volume
VOZINHA,Cabo Verde,GK,,79.2,44.9,62.6,23.8,37.3,Goleiro distribuidor
Valentin BARCO,Argentina,MF,,23.9,37.2,48.1,13.4,25.7,Jogador de apoio e recepção
Victor LINDELOF,Sweden,DF,,88.8,89.9,65.4,70.1,61.0,Distribuidor seguro
Victor MUNOZ,Spain,FW,,,,,,9.1,Defensor sem bola
Viktor GYOKERES,Sweden,FW,,49.3,28.9,53.8,87.1,67.3,Motor físico
Viktor JOHANSSON,Sweden,GK,,,,,,9.1,Goleiro
Virgil VAN DIJK,Netherlands,DF,,97.2,93.8,61.1,69.6,65.6,Construtor de volume
Vladimir COUFAL,Czechia,DF,,65.5,39.0,51.7,82.4,73.5,Motor físico
Vladimir DARIDA,Czechia,MF,,21.6,24.3,20.8,31.4,49.7,Defensor sem bola
WAGNER PINA,Cabo Verde,DF,,35.8,32.8,37.4,39.1,43.6,Defensor sem bola
WEVERTON,Brazil,GK,,,,,,9.1,Goleiro
WILLY SEMEDO,Cabo Verde,MF,,34.2,55.8,49.6,50.6,66.0,Defensor sem bola
Waldemar ANTON,Germany,DF,,32.8,63.8,19.3,26.3,36.9,Distribuidor seguro
Warren ZAIRE-EMERY,France,MF,,17.4,33.1,39.2,13.4,34.0,Jogador de apoio e recepção
Weston McKENNIE,USA,MF,,89.0,58.7,75.2,97.8,89.2,Motor físico
Wilfried SINGO,Côte d'Ivoire,DF,,61.5,58.2,46.0,44.7,58.3,Construtor de volume
Wilguens PAUGAIN,Haiti,DF,,,,,,9.1,Defensor sem bola
Willer DITTA,Colombia,DF,,,,,,9.1,Defensor sem bola
William SALIBA,France,DF,,96.4,95.2,73.8,83.8,72.7,Construtor de volume
Willian PACHO,Ecuador,DF,,91.6,84.4,69.4,71.1,76.4,Construtor de volume
Wilson ISIDOR,Haiti,FW,,24.8,39.2,31.5,61.6,72.0,Defensor sem bola
Woodensky PIERRE,Haiti,MF,,,,,,9.1,Defensor sem bola
Wout WEGHORST,Netherlands,FW,,8.6,5.9,6.3,26.0,60.1,Defensor sem bola
Xaver SCHLAGER,Austria,MF,,77.8,83.6,79.6,66.6,82.9,Distribuidor seguro
YANG Hyunjun,Korea Republic,MF,,16.4,14.0,21.6,15.0,31.5,Defensor sem bola
YANNICK SEMEDO,Cabo Verde,MF,,33.8,29.4,28.5,22.0,30.0,Construtor de volume
YASSER IBRAHIM,Egypt,DF,,93.2,86.6,84.1,92.5,88.0,Construtor de volume
YAZAN ALARAB,Jordan,DF,,67.8,67.8,49.5,58.6,66.6,Construtor de volume
YAZEED ABULAILA,Jordan,GK,,46.7,25.1,46.0,13.6,27.3,Goleiro
YOUSSEF AMYN,Iraq,MF,,8.9,26.9,24.1,16.8,35.4,Defensor sem bola
YUSUF ABDURISAG,Qatar,FW,,17.1,11.6,18.3,41.3,62.0,Defensor sem bola
Yahia FOFANA,Côte d'Ivoire,GK,,65.2,34.2,52.2,19.1,32.0,Goleiro
Yaimar MEDINA,Ecuador,DF,,23.4,47.0,31.9,20.4,34.0,Distribuidor seguro
Yan DIOMANDE,Côte d'Ivoire,FW,,78.0,73.7,85.1,81.4,91.8,Defensor sem bola
Yan VALERY,Tunisia,DF,,53.4,30.4,54.3,68.8,77.5,Defensor sem bola
Yasin AYARI,Sweden,MF,,65.9,46.8,75.1,78.6,86.1,Defensor sem bola
Yassin FORTUNE,Haiti,FW,,8.2,53.2,9.3,6.7,18.3,Distribuidor seguro
Yassine BOUNOU,Morocco,GK,,85.7,46.2,64.3,25.5,39.1,Goleiro distribuidor
Yassine TITRAOUI,Algeria,MF,,,,,,9.1,Defensor sem bola
Yehvann DIOUF,Senegal,GK,,,,,,9.1,Goleiro
Yeremy PINO,Spain,FW,,30.5,43.3,30.8,30.8,41.5,Distribuidor seguro
Yerry MINA,Colombia,DF,,5.1,51.4,35.2,3.5,18.8,Distribuidor seguro
Yoane WISSA,Congo DR,FW,,53.0,56.8,61.5,81.1,87.2,Defensor sem bola
Youri TIELEMANS,Belgium,MF,,92.5,74.8,78.3,98.9,96.9,Motor físico
Youssef BELAMMARI,Morocco,DF,,,,,,9.1,Defensor sem bola
Yuito SUZUKI,Japan,MF,,6.7,52.4,32.1,11.5,27.0,Distribuidor seguro
Yukinari SUGAWARA,Japan,DF,,51.4,31.8,36.2,47.7,57.6,Defensor sem bola
Yunus AKGUN,Türkiye,FW,,43.4,36.4,40.2,32.7,32.6,Construtor de volume
Yuto NAGATOMO,Japan,DF,,6.5,5.4,12.7,11.6,26.5,Defensor sem bola
Yvon MVOGO,Switzerland,GK,,,,,,9.1,Goleiro
ZAID ISMAEL,Iraq,MF,,54.1,61.0,72.7,46.3,62.1,Jogador de apoio e recepção
ZAID TAHSEEN,Iraq,DF,,49.4,46.4,33.3,40.9,38.8,Construtor de volume
ZIDANE IQBAL,Iraq,MF,,75.2,78.6,83.9,58.0,63.1,Jogador de apoio e recepção
ZIYAD ALJOHANI,Saudi Arabia,MF,,,,,,9.1,Defensor sem bola
ZIZO,Egypt,FW,,29.0,40.1,42.9,30.9,34.0,Jogador de apoio e recepção
Zakaria EL OUAHDI,Morocco,DF,,20.0,59.4,6.3,13.3,22.4,Distribuidor seguro
Zeki AMDOUNI,Switzerland,FW,,14.8,15.9,39.2,33.0,53.4,Defensor sem bola
Zeki CELIK,Türkiye,DF,,57.2,62.4,53.7,52.1,58.9,Distribuidor seguro
Zeno DEBAST,Belgium,DF,,,,,,9.1,Defensor sem bola
Zineddine BELAID,Algeria,DF,,41.7,69.2,42.1,10.1,23.0,Distribuidor seguro
Zion SUZUKI,Japan,GK,,64.6,37.1,55.3,25.2,30.4,Goleiro
